model_number,star_age,star_mass,log_L,Teff,radius,log_R,log_center_T,log_center_Rho,center_h1,center_he4,center_c12,center_o16,surface_h1,surface_he4,he_core_mass,co_core_mass,fe_core_mass,surf_avg_v_div_v_crit
1,1e-05,49.99999999928528,5.534575203857869,50954.813719107995,7.508796359840629,0.8755703263285847,7.659505101320639,0.5733696786006739,0.760000000004328,0.23999000002421095,3.6135917425226454e-38,8.276236405271532e-54,0.7600000000000003,0.23998999999999965,0.0,0.0,0.0,0.20000171465385527
2,2.2e-05,49.99999999928528,5.534575203123556,50954.8136352816,7.508796378198268,0.8755703273903556,7.65950509084612,0.5733696527897902,0.7600000000095053,0.23999000005317053,7.900240513154364e-38,4.379347746360855e-53,0.7600000000000001,0.23998999999999965,0.0,0.0,0.0,0.20000171417205143
3,3.6400000000000004e-05,49.99999999928528,5.534575207878052,50954.813679922976,7.508796406143157,0.8755703290066347,7.659505072118214,0.5733696065674576,0.7600000000156955,0.23999000008778967,1.2975186432903546e-37,1.4568406351413192e-52,0.7600000000000001,0.23998999999999965,0.0,0.0,0.0,0.20000171434839542
4,5.368000000000001e-05,49.99999999928528,5.534575217973219,50954.81383335414,7.5087964481942615,0.8755703314387905,7.6595050452102935,0.5733695400918923,0.7600000000230914,0.23999000012914587,1.8969616303984594e-37,3.897643890373578e-52,0.7600000000000001,0.23998999999999965,0.0,0.0,0.0,0.20000171519212565
5,7.441600000000001e-05,49.99999999928528,5.53457523308551,50954.81405807209,7.5087965126075895,0.8755703351643347,7.659505013426682,0.5733694615082087,0.7600000000319213,0.23999000017851074,2.603170227593223e-37,9.167850784715053e-52,0.7600000000000001,0.23998999999999965,0.0,0.0,0.0,0.2000017166831781
6,9.929920000000001e-05,49.99999999928528,5.534575254961535,50954.814353861024,7.5087966145459095,0.8755703410602528,7.659504981930937,0.5733693835927131,0.7600000000424534,0.23999000023737924,3.4326350034106667e-37,1.979727589785073e-51,0.7600000000000001,0.23998999999999965,0.0,0.0,0.0,0.2000017190589687
7,0.00012915904,49.99999999928528,5.5345752916839395,50954.81485480605,7.5087967843641605,0.8755703508822166,7.659504954364257,0.5733693153767543,0.7600000000550012,0.23999000030749645,4.403159063873467e-37,4.0209559408497136e-51,0.7600000000000001,0.23998999999999965,0.0,0.0,0.0,0.2000017232288122
8,0.00016499084799999998,49.99999999928528,5.534575355335337,50954.81569105967,7.5087970881553705,0.8755703684529202,7.65950493135322,0.573369258431205,0.7600000000699294,0.23999000039088605,5.5334210127169345e-37,7.795340724380741e-51,0.7599999999999999,0.23998999999999945,0.0,0.0,0.0,0.2000017305451393
9,0.00020798901759999997,49.99999999928528,5.5345753928685175,50954.81489766774,7.508797646454502,0.8755704007438745,7.6595049121906555,0.5733692110211623,0.7600000000876584,0.23999000048988678,6.842749105935374e-37,1.4563996926832239e-50,0.7599999999999999,0.23998999999999948,0.0,0.0,0.0,0.20000173438117055
10,0.00025958682112,49.99999999928528,5.534575217592151,50954.80672628469,7.508798539522464,0.8755704523972128,7.659504897193101,0.573369173913276,0.7600000001086743,0.23999000060718845,8.350763166530789e-37,2.6393437464574446e-50,0.7599999999999999,0.23998999999999945,0.0,0.0,0.0,0.20000171044813067
11,0.00032150418534399993,49.99999999928528,5.534574763818956,50954.789966676355,7.50879955619041,0.8755705111993296,7.659504888223147,0.5733691517109004,0.760000000133532,0.23999000074586008,1.0076639769717249e-36,4.660676562872809e-50,0.7599999999999997,0.23998999999999945,0.0,0.0,0.0,0.2000016480334818
12,0.00039580502241279986,49.99999999928528,5.534574355712656,50954.775745591374,7.508800219478433,0.8755705495626277,7.659504886500696,0.5733691474301135,0.7600000001628588,0.23999000090936645,1.2037926092854055e-36,8.044658530269238e-50,0.76,0.23998999999999948,0.0,0.0,0.0,0.2000015886518244
13,0.00048496602689535983,49.99999999928528,5.534574282332586,50954.77325329716,7.508800319659695,0.8755705553569181,7.659504890264688,0.5733691567257424,0.760000000197357,0.2399900011015718,1.424924332808554e-36,1.360259895476777e-49,0.7600000000000002,0.23998999999999956,0.0,0.0,0.0,0.20000157399835275
14,0.0005919592322744318,49.99999999928528,5.534574412531696,50954.77769656599,7.508800135669892,0.8755705447153037,7.659504895161521,0.5733691688323425,0.7600000002378043,0.23999000132674103,1.672136654861789e-36,2.2567007319027515e-49,0.7600000000000001,0.23998999999999954,0.0,0.0,0.0,0.20000158910393998
15,0.0007203510787293181,49.99999999928528,5.534574513172607,50954.781108939096,7.508799999984509,0.8755705368675235,7.659504897662127,0.5733691750255493,0.7600000002850519,0.23999000158952755,1.9460449733844117e-36,3.677715876232467e-49,0.7599999999999996,0.23998999999999945,0.0,0.0,0.0,0.2000016017571385
16,0.0008744212944751818,49.99999999928528,5.5345745413215965,50954.781996753125,7.5087999816674635,0.875570535808101,7.659504897683748,0.5733691750888056,0.7600000003400214,0.2399900018949492,2.2467543178713336e-36,5.8931312073044995e-49,0.7600000000000015,0.23998999999999984,0.0,0.0,0.0,0.20000160471321723
17,0.001059305553370218,49.99999999928528,5.534574546815585,50954.78208113315,7.508800004293209,0.8755705371167304,7.659504897080216,0.5733691736095465,0.7600000004036979,0.23999000224834377,2.573821581874107e-36,9.292313033791295e-49,0.760000000000001,0.23998999999999973,0.0,0.0,0.0,0.20000160443474047
18,0.0012811666640442617,49.99999999928528,5.534574555960015,50954.782302962834,7.508800017966683,0.8755705379075777,7.659504896858532,0.5733691730725392,0.7600000004771191,0.23999000265530482,2.9262426248454538e-36,1.4428338841445056e-48,0.7600000000000013,0.23998999999999981,0.0,0.0,0.0,0.20000160466818565
19,0.0015473999968531138,49.99999999928528,5.534574568218217,50954.782647625645,7.508800022356267,0.8755705381614627,7.659504896880823,0.5733691731437536,0.7600000005613667,0.23999000312162708,3.3025601879818205e-36,2.207615656861889e-48,0.7600000000000005,0.23998999999999965,0.0,0.0,0.0,0.2000016054082033
20,0.0018668799962237366,49.99999999928528,5.534574579872768,50954.78297807652,7.508800025716,0.8755705383557831,7.659504896908738,0.5733691732319701,0.760000000657553,0.2399900036532344,3.7009693846433016e-36,3.330828360350507e-48,0.7600000000000002,0.23998999999999962,0.0,0.0,0.0,0.20000160612451795
21,0.002250255995468484,49.99999999928528,5.534574590434556,50954.783274726426,7.508800029590965,0.8755705385799036,7.659504896914184,0.5733691732740858,0.7600000007668116,0.23999000425612704,4.1195197406209555e-36,4.9594488251133935e-48,0.76,0.23998999999999968,0.0,0.0,0.0,0.2000016067302792
22,0.002710307194562181,49.99999999928528,5.534574600241714,50954.78354938527,7.508800033423569,0.8755705388015741,7.659504896919129,0.573369173318427,0.7600000008902859,0.23999000493631342,4.5562645837538894e-36,7.293164456778778e-48,0.7600000000000009,0.2399899999999998,0.0,0.0,0.0,0.2000016072681229
23,0.003262368633474617,49.99999999928528,5.53457460940709,50954.78380586123,7.508800037067007,0.8755705390123035,7.659504896926315,0.5733691733820134,0.7600000010291172,0.23999000569975265,5.0094150255061284e-36,1.0601394064561042e-47,0.7600000000000007,0.2399899999999997,0.0,0.0,0.0,0.2000016077544349
24,0.00392484236016954,49.99999999928528,5.534574617970168,50954.784045266184,7.508800040534914,0.8755705392128805,7.659504896937422,0.5733691734653373,0.7600000011844384,0.23999000655232575,5.477502834061749e-36,1.524568015828169e-47,0.7600000000000003,0.23998999999999965,0.0,0.0,0.0,0.20000160819459575
25,0.004719810832203447,49.99999999928528,5.534574625986801,50954.78426922042,7.508800043832625,0.8755705394036137,7.659504896953203,0.5733691735758691,0.7600000013573687,0.2399900074998099,5.959461990650751e-36,2.1708850886708715e-47,0.7600000000000007,0.23998999999999973,0.0,0.0,0.0,0.20000160859332833
26,0.005673772998644137,49.99999999928528,5.53457463352528,50954.78447973923,7.508800046956509,0.8755705395842931,7.659504896975151,0.5733691737230625,0.7600000015490134,0.2399900085478928,6.454701165600515e-36,3.0633078748487096e-47,0.7600000000000003,0.23998999999999962,0.0,0.0,0.0,0.20000160895456037
27,0.006818527598372964,49.99999999928528,5.5345746406663,50954.78467921671,7.508800049898566,0.8755705397544561,7.659504897007096,0.5733691739151554,0.7600000017604713,0.2399900097022157,6.963120624473619e-36,4.286916272136615e-47,0.7600000000000008,0.2399899999999998,0.0,0.0,0.0,0.20000160928250857
28,0.008192233118047556,49.99999999928528,5.534574647490221,50954.78487007048,7.508800052640976,0.8755705399130718,7.659504897052266,0.5733691741683399,0.7600000019928508,0.23999001096847922,7.485145498565731e-36,5.95405112602103e-47,0.7600000000000005,0.23998999999999968,0.0,0.0,0.0,0.20000160958241897
29,0.009840679741657069,49.99999999928528,5.534574654067814,50954.7850545107,7.50880005514415,0.8755705400578505,7.659504897116706,0.5733691744995996,0.7600000022472942,0.23999001235258155,8.021701589389778e-36,8.212557736991905e-47,0.7600000000000006,0.23998999999999976,0.0,0.0,0.0,0.20000160986041277
30,0.011818815689988481,49.99999999928528,5.53457466045035,50954.78523428041,7.5088000573376075,0.8755705401847158,7.6595048972080955,0.573369174933704,0.760000002525013,0.23999001386082497,8.574216032491684e-36,1.1256465829522476e-46,0.7600000000000011,0.2399899999999999,0.0,0.0,0.0,0.20000161012227366
31,0.014192578827986177,49.99999999928528,5.534574666668094,50954.78541061648,7.508800059118432,0.8755705402877153,7.65950489733666,0.5733691755042205,0.760000002827337,0.2399900155001857,9.144628132544579e-36,1.533987140872965e-46,0.7599999999999997,0.23998999999999956,0.0,0.0,0.0,0.20000161037208825
32,0.01704109459358341,49.99999999928528,5.534574672736328,50954.785584487036,7.508800060333445,0.8755705403579893,7.659504897517656,0.5733691762535946,0.7600000031557758,0.23999001727865882,9.735423816498737e-36,2.0795131053056883e-46,0.7600000000000012,0.2399899999999999,0.0,0.0,0.0,0.20000161061176608
33,0.02045931351230009,49.99999999928528,5.534574678663978,50954.785756858684,7.508800060774863,0.87557054038352,7.659504897770703,0.5733691772411761,0.7600000035120904,0.23999001920564808,1.0349658275245881e-35,2.8056781124911215e-46,0.7600000000000008,0.2399899999999998,0.0,0.0,0.0,0.2000016108409147
34,0.024561176214760106,49.99999999928528,5.534574684464824,50954.78592907837,7.508800060164902,0.8755705403482411,7.659504898121058,0.5733691785541206,0.7600000038983815,0.23999002129244415,1.099102182396418e-35,3.769342292344645e-46,0.7600000000000005,0.23998999999999965,0.0,0.0,0.0,0.20000161105721878
35,0.02948341145771213,49.99999999928528,5.534574690164077,50954.786103163984,7.508800058126729,0.8755705402303571,7.659504898603323,0.5733691803021546,0.7600000043171931,0.2399900235527865,1.1663938425515347e-35,5.045060834373907e-46,0.7600000000000005,0.23998999999999981,0.0,0.0,0.0,0.20000161125759156
36,0.03539009374925455,49.99999999928528,5.5345746958009645,50954.78628197245,7.508800054157488,0.8755705400007838,7.659504899263145,0.573369182637495,0.7600000047716429,0.23999002600356864,1.237370878897599e-35,6.730941956930484e-46,0.7599999999999999,0.2399899999999996,0.0,0.0,0.0,0.20000161144032702
37,0.04247811249910547,49.99999999928528,5.53457470143239,50954.786469482635,7.50880004757642,0.8755705396201476,7.659504900159775,0.5733691857581785,0.7600000052655688,0.23999002866562674,1.312664661422198e-35,8.956682294267363e-46,0.76,0.23998999999999968,0.0,0.0,0.0,0.2000016116088602
38,0.050983734998926555,49.99999999928528,5.534574707131657,50954.78667096138,7.508800037464942,0.8755705390353192,7.659504901374114,0.573369189926125,0.7600000058037336,0.23999003156484572,1.3930351810451404e-35,1.1894850786252596e-45,0.76,0.2399899999999996,0.0,0.0,0.0,0.20000161177532721
39,0.06119048199871187,49.99999999928528,5.534574712996516,50954.78689347058,7.508800022586833,0.8755705381747981,7.659504903014847,0.5733691954835576,0.7600000063920758,0.23999003473350866,1.4793990538581314e-35,1.5776805815852712e-45,0.7600000000000006,0.2399899999999998,0.0,0.0,0.0,0.20000161196346775
40,0.07343857839845423,49.99999999928528,5.534574719154638,50954.78714643054,7.508800001269336,0.8755705369418353,7.659504905226667,0.5733692028925405,0.7600000070380662,0.23999003821223722,1.5728770847550714e-35,2.091568837193846e-45,0.7600000000000003,0.23998999999999976,0.0,0.0,0.0,0.20000161220958662
41,0.08813629407814508,49.99999999928528,5.534574725773438,50954.78744240416,7.508799971257181,0.8755705352059903,7.659504908206021,0.5733692127644259,0.760000007751193,0.23999004205261382,1.6748575334663082e-35,2.7740126669257382e-45,0.7599999999999999,0.23998999999999976,0.0,0.0,0.0,0.20000161256330606
42,0.10577355289377408,49.99999999928528,5.534574733072654,50954.78779822076,7.508799929489923,0.8755705327902528,7.659504912218758,0.5733692259285845,0.7600000085436157,0.23999004632075552,1.7870902057651624e-35,3.684477412827354e-45,0.7599999999999997,0.23998999999999976,0.0,0.0,0.0,0.2000016130884994
43,0.1269382634725289,49.99999999928528,5.534574741340569,50954.788236472246,7.508799871801368,0.8755705294536582,7.659504917626731,0.5733692435161128,0.7600000094309676,0.23999005110169896,1.911799745532787e-35,4.906702220700555e-45,0.7599999999999997,0.23998999999999976,0.0,0.0,0.0,0.20000161386661894
44,0.15233591616703465,49.99999999928528,5.53457475095598,50954.78878764417,7.508799792481331,0.8755705248659404,7.659504924924695,0.5733692670840244,0.7600000104332888,0.23999005650453786,2.0518225816921592e-35,6.560502846491962e-45,0.7600000000000002,0.23998999999999995,0.0,0.0,0.0,0.20000161500304622
45,0.18281309940044158,49.99999999928528,5.534574762426702,50954.789493328724,7.508799683661521,0.8755705185720127,7.659504934795244,0.5733692987681674,0.7600000115760284,0.2399900626679936,2.2107553521846496e-35,8.820048238014511e-45,0.7599999999999998,0.23998999999999993,0.0,0.0,0.0,0.2000016166384045
46,0.21938571928052988,49.99999999928528,5.534574776371556,50954.79040563469,7.5087995353338854,0.8755705099930284,7.659504948107557,0.573369341345026,0.7600000128910844,0.23999006976626072,2.3931071969523112e-35,1.1942322675479403e-44,0.7599999999999997,0.23998999999999984,0.0,0.0,0.0,0.2000016189482909
47,0.26327286313663584,49.99999999928528,5.534574793910294,50954.79161508493,7.508799330499209,0.8755704981457857,7.659504966334792,0.5733693993293094,0.7600000144178578,0.2399900780150375,2.604454867076541e-35,1.631168283684404e-44,0.7599999999999997,0.23998999999999993,0.0,0.0,0.0,0.20000162223578477
48,0.315937435763963,49.99999999928528,5.5345748163168444,50954.793228339404,7.508799048735161,0.8755704818490958,7.6595049912495,0.5733694783192407,0.7600000162043312,0.23999008767784477,2.851603958144135e-35,2.2510137652423033e-44,0.76,0.23998999999999998,0.0,0.0,0.0,0.2000016268623315
49,0.3791349229167556,49.99999999928528,5.534574844926386,50954.7953604578,7.508798667673277,0.8755704598092096,7.6595050251081656,0.5733695856014405,0.7600000183081448,0.2399900990725567,3.1427569367798063e-35,3.1429060320746884e-44,0.7599999999999999,0.23999000000000006,0.0,0.0,0.0,0.20000163322304845
50,0.4549719075001067,49.99999999928528,5.534574883537653,50954.798310178056,7.508798132107797,0.8755704288331305,7.659505072248636,0.5733697342955604,0.7600000207976502,0.23999011257811892,3.4876884633840227e-35,4.444818629946049e-44,0.7600000000000001,0.23999000000000015,0.0,0.0,0.0,0.20000164231822704
51,0.5459762890001281,49.99999999928528,5.534574935708032,50954.80237615649,7.508797384770612,0.875570385608579,7.659505137575586,0.5733699399033629,0.7600000237529673,0.23999012864173178,3.8979319686546253e-35,6.372464881749394e-44,0.7600000000000003,0.2399900000000002,0.0,0.0,0.0,0.20000165517444823
52,0.6551815468001536,49.99999999928528,5.534575006082552,50954.807948328875,7.50879635089399,0.875570325811128,7.659505227948179,0.5733702241441011,0.7600000272671746,0.23999014778735261,4.3870054877896215e-35,9.266338338631037e-44,0.7600000000000003,0.23999000000000015,0.0,0.0,0.0,0.2000016729565365
53,0.7862278561601843,49.99999999928528,5.534575100650861,50954.81561186034,7.508794909795623,0.8755702424607348,7.659505353958161,0.5733706199228706,0.7600000314477443,0.23999017062638298,4.970696358375217e-35,1.3668790921753631e-43,0.7600000000000006,0.23999000000000018,0.0,0.0,0.0,0.20000169689453265
54,0.9434834273922212,49.99999999928528,5.534575232988928,50954.82639939727,7.508792874492554,0.8755701247426426,7.659505531414867,0.5733711758455002,0.7600000364182972,0.23999019787127712,5.667428111955166e-35,2.0451117439401593e-43,0.7600000000000001,0.23999000000000004,0.0,0.0,0.0,0.2000017310691588
55,1.1321901128706655,49.99999999928528,5.534575417672292,50954.841507516205,7.508790018329719,0.8755699595475154,7.65950577987006,0.5733719536942179,0.7600000423205462,0.2399902303518371,6.498702992058669e-35,3.1024117694914024e-43,0.7600000000000002,0.23998999999999995,0.0,0.0,0.0,0.20000178079349237
56,1.3586381354447985,49.99999999928528,5.534575670707132,50954.86256668264,7.508785999143758,0.8755697270851949,7.659506129265992,0.5733730464670664,0.7600000493161219,0.23999026903316015,7.489599551452502e-35,4.76882892590135e-43,0.7600000000000002,0.23998999999999981,0.0,0.0,0.0,0.2000018502971258
57,1.630375762533758,49.99999999928528,5.534576026784019,50954.892264993505,7.508780324588791,0.8755693988791652,7.659506622198009,0.5733745862605237,0.7600000575878967,0.2399903150339782,8.66928783713527e-35,7.421787425665662e-43,0.7600000000000001,0.23998999999999987,0.0,0.0,0.0,0.20000194880749828
58,1.9564609150405095,49.99999999928528,5.534576519145548,50954.933871377165,7.508772318622961,0.8755689358281122,7.659507316759719,0.5733767544843869,0.7600000673520996,0.2399903697099439,1.0073222412189234e-34,1.1689618433037936e-42,0.7600000000000002,0.23998999999999976,0.0,0.0,0.0,0.2000020871419208
59,2.3477630980486115,49.99999999928528,5.53457721158178,50954.99250414918,7.508761024236538,0.8755682825797274,7.659508296421588,0.5733798107829403,0.7600000788378212,0.23999043456190494,1.174086936591853e-34,1.8614356544772376e-42,0.76,0.23998999999999965,0.0,0.0,0.0,0.20000230315585607
60,2.8173257176583335,49.99999999928527,5.534578176754424,50955.074945155895,7.508745070857564,0.8755673598613463,7.6595096796299025,0.5733841237950804,0.7600000923918085,0.23999051186529943,1.3731973269940344e-34,3.003743307667551e-42,0.7600000000000001,0.23998999999999968,0.0,0.0,0.0,0.20000279975758142
61,3.38080086119,49.999999999285265,5.53457953325748,50955.19114337174,7.508722551614747,0.8755660573803771,7.659511629818339,0.5733902008591717,0.7600001080871965,0.23999060247629903,1.6070219485113027e-34,4.874553192657183e-42,0.7600000000000006,0.23998999999999976,0.0,0.0,0.0,0.20000346242957714
62,4.056971033428,49.99999999928525,5.5345814196816425,50955.35388794683,7.508690895536196,0.8755642264312217,7.659514370518825,0.5733987388060928,0.7600001262367544,0.23999070879525616,1.881937069714171e-34,7.963154830621485e-42,0.7600000000000001,0.23998999999999954,0.0,0.0,0.0,0.20000434055079394
63,4.8683752401136005,49.999999999285244,5.534584051269215,50955.58206989739,7.508646396125412,0.8755616526262686,7.659518218171825,0.5734107194111452,0.7600001471084947,0.2399908332232847,2.2043738987095687e-34,1.3083331348696122e-41,0.7600000000000002,0.2399899999999996,0.0,0.0,0.0,0.2000056164120746
64,5.84206028813632,49.99999999928524,5.534587699177976,50955.90009357242,7.50858420572667,0.8755580555653035,7.659523597824964,0.5734274670772842,0.7600001709210477,0.23999097821885743,2.580948873838655e-34,2.1596386812588255e-41,0.7600000000000011,0.23998999999999962,0.0,0.0,0.0,0.20000747907824967
65,7.010482345763583,49.99999999928522,5.534592761211317,50956.34335516944,7.508497332699907,0.8755530308238378,7.659531104000766,0.5734508242243005,0.7600001978300189,0.23999114631638943,3.0184832547068296e-34,3.5779999387034807e-41,0.7599999999999999,0.23998999999999945,0.0,0.0,0.0,0.20001013864220224
66,8.4125888149163,49.99999999928521,5.534599744864716,50956.957546937876,7.508376700545048,0.8755460533558135,7.659541522392807,0.5734832362091259,0.7600002278931084,0.23999134003548786,3.5237098193135395e-34,5.943656998113562e-41,0.7600000000000009,0.2399899999999996,0.0,0.0,0.0,0.20001390267647268
67,10.095116577899558,49.99999999928519,5.53460934278585,50957.805082122446,7.508209907888965,0.8755364057398737,7.659555923160599,0.573528028470295,0.7600002611109531,0.23999156232791446,4.104340414684329e-34,9.902934977375387e-41,0.7600000000000002,0.2399899999999995,0.0,0.0,0.0,0.20001925525681735
68,12.11414989347947,49.99999999928517,5.534622465709769,50958.968282112444,7.5079805760345675,0.8755231403835233,7.65957571747573,0.5735895837987225,0.7600002971668411,0.23999181503397565,4.764888860109418e-34,1.651928406433636e-40,0.7600000000000005,0.23998999999999965,0.0,0.0,0.0,0.20002680924503122
69,14.536989872175361,49.99999999928513,5.534640304609096,50960.55498702312,7.507667236533397,0.8755050150761055,7.6596027547158805,0.5736736506482523,0.7600003356205985,0.23999210029445822,5.510116319282996e-34,2.757781591062171e-40,0.7600000000000008,0.23998999999999962,0.0,0.0,0.0,0.20003738964737156
70,17.444397846610435,49.999999999285095,5.5346644018616455,50962.70544415938,7.507241923017402,0.8754804113557416,7.659639439500826,0.573787696660564,0.7600003757548855,0.2399924197796104,6.342727123589551e-34,4.607992835206922e-40,0.7600000000000001,0.23998999999999956,0.0,0.0,0.0,0.20005195373071696
71,20.93328741593252,49.99999999928506,5.534696733952113,50965.598187467076,7.506669164728244,0.8754472759837373,7.65968882691704,0.5739412179162883,0.7600004163443681,0.23999277267731153,7.257864568078225e-34,7.68398566115397e-40,0.7600000000000008,0.23998999999999973,0.0,0.0,0.0,0.20007178889705962
72,25.119954899119023,49.99999999928501,5.534739751662878,50969.45718515185,7.50590424641593,0.8754030197735148,7.6597547781779936,0.5741462086062395,0.7600004560232803,0.23999315844581778,8.250059928912533e-34,1.2782274720756754e-39,0.7600000000000001,0.23998999999999954,0.0,0.0,0.0,0.20009888346614177
73,30.143955878942826,49.99999999928495,5.5347965461769,50974.564870950155,7.504890835444887,0.8753443794695346,7.65984214157236,0.5744177343941584,0.7600004932881997,0.23999357733251206,9.314396621147451e-34,2.1252348569132872e-39,0.7600000000000007,0.23998999999999973,0.0,0.0,0.0,0.2001350093402446
74,36.172757054731385,49.99999999928489,5.534870930809257,50981.26741714056,7.503560183616119,0.8752673702235639,7.6599568331342045,0.5747741835618091,0.7600005260149892,0.23999402440315315,1.0432000236716035e-33,3.521026633619269e-39,0.7600000000000003,0.23998999999999973,0.0,0.0,0.0,0.20018281353089823
75,43.40731846567767,49.999999999284796,5.534967486377357,50989.98590647623,7.501828305028553,0.8751671201943407,7.660106111524645,0.5752381175604563,0.7600005522543475,0.23999449726230673,1.1590819872904346e-33,5.8225134823451665e-39,0.76,0.23998999999999954,0.0,0.0,0.0,0.2002455456655688
76,52.088792158813206,49.999999999284704,5.535091801167227,51001.23175798046,7.499593625199807,0.8750377312430616,7.660298736342252,0.5758367732345383,0.7600005698967975,0.23999499112624723,1.2775782065867415e-33,9.612451168090336e-39,0.7600000000000006,0.2399899999999997,0.0,0.0,0.0,0.20032715180153227
77,62.506560590575845,49.9999999992846,5.535250503509884,51015.614516141744,7.496735146725446,0.8748721678625877,7.660545168227455,0.5766026846393969,0.760000576981664,0.23999549865496558,1.3973153176729591e-33,1.5820984013947918e-38,0.7600000000000006,0.23998999999999976,0.0,0.0,0.0,0.20043181096588378
78,75.00788270869101,49.99999999928445,5.535451507893628,51033.863045138474,7.493108603064978,0.874662027189057,7.660857891364834,0.5775747037669464,0.760000571934419,0.2399960142937996,1.5186070846599171e-33,2.601810781650154e-38,0.7600000000000001,0.23998999999999968,0.0,0.0,0.0,0.20056561172167794
79,90.0094692504292,49.99999999928428,5.535704150025638,51056.84146844282,7.4885433265291015,0.8743973468349038,7.661251716597506,0.5787989583829809,0.7600005537052426,0.2399965303031811,1.643251563524882e-33,4.278008880267488e-38,0.7600000000000005,0.2399899999999999,0.0,0.0,0.0,0.2007340155941279
80,108.01137310051504,49.99999999928407,5.536019615474534,51085.58113758486,7.4828371246908105,0.874066292247243,7.661744122638131,0.5803300046195039,0.7600005220773147,0.2399970376328704,1.7755052557640037e-33,7.036171530571273e-38,0.7600000000000003,0.23998999999999976,0.0,0.0,0.0,0.20092459024794337
81,129.61365772061805,49.99999999928384,5.536411782134096,51121.33926901197,7.4757471884157445,0.8736546061722201,7.66235556370261,0.582231851788078,0.7600004781500744,0.2399975246093883,1.922401101337378e-33,1.1552634004412474e-37,0.7600000000000005,0.23999000000000004,0.0,0.0,0.0,0.20115407539609134
82,155.53639926474168,49.999999999283546,5.536894735034339,51165.49533177886,7.467000194289673,0.8731461626285009,7.663110396882114,0.5845804494269783,0.7600004238329895,0.23999798332617428,2.0958155246768643e-33,1.899878955974724e-37,0.76,0.23998999999999995,0.0,0.0,0.0,0.20143739358009882
83,186.64368911769,49.999999999283204,5.537486363516547,51219.752439935684,7.456265992241022,0.8725213924926508,7.664037377819241,0.5874654605694759,0.7600003618698635,0.2399984065921803,2.3127133078228957e-33,3.144301376481588e-37,0.7600000000000005,0.23999,0.0,0.0,0.0,0.20178745268437662
84,223.972436941228,49.99999999928279,5.538209016105889,51286.26365512383,7.443129026911628,0.8717555475677204,7.665172272580051,0.5909985279028352,0.7600002899616009,0.23999881648290106,2.6128655086739685e-33,5.550597837332003e-37,0.76,0.23999000000000004,0.0,0.0,0.0,0.20221783713565514
85,268.7669343294736,49.9999999992823,5.539087507683419,51367.4745334495,7.427120773938396,0.8708204861249066,7.6665553537341715,0.5953050051886277,0.7600002180796829,0.23999917003384477,3.019788732155827e-33,1.0001536354293562e-36,0.76,0.23998999999999998,0.0,0.0,0.0,0.20274103588220252
86,322.5203311953683,49.99999999928172,5.540150407966354,51466.2952724161,7.4076857478460525,0.8696825502301401,7.668233913227815,0.6005316821403234,0.7600001518888637,0.23999945766280484,3.591605010798877e-33,1.8480845503207123e-36,0.7599999999999999,0.2399899999999999,0.0,0.0,0.0,0.20338015107600935
87,387.02440743444197,49.999999999281,5.541430322323405,51586.21393919149,7.384158533896024,0.8683010121859409,7.670263704502322,0.6068510705666368,0.7600000947768758,0.23999967877123757,4.432330399434407e-33,3.5747368100777006e-36,0.7600000000000005,0.23999000000000006,0.0,0.0,0.0,0.20415822841898515
88,464.4292989213303,49.99999999928015,5.542962747756267,51731.36846407986,7.355743905229695,0.866626600598439,7.6727099526557,0.6144639431074248,0.7600000493852384,0.23999983260414826,5.708587933048656e-33,7.233043314241063e-36,0.7600000000000001,0.23999000000000006,0.0,0.0,0.0,0.20510810078577385
89,557.3151687055964,49.99999999927912,5.544767939460105,51905.62636555049,7.321638095989311,0.8646082581703092,7.675650892332143,0.6236099970998024,0.760000014286932,0.23999993032857592,7.735007577095165e-33,1.5402581356644646e-35,0.7600000000000007,0.2399900000000001,0.0,0.0,0.0,0.2068242309535527
90,668.7782124467157,49.99999999927789,5.546909666386302,52116.63897982717,7.2803992084678075,0.8621551937747506,7.679175276216734,0.6345628395708492,0.7599999850780409,0.23999999024362334,1.1133568434476444e-32,3.492761873752586e-35,0.76,0.23998999999999995,0.0,0.0,0.0,0.20829760222524238
91,802.5338649360589,49.99999999927641,5.5494049297625,52371.1626490818,7.2305476898878345,0.8591711948999736,7.683415668174045,0.6477368378784887,0.7599999557183429,0.24000003229473554,1.7305782065890743e-32,8.761356485392527e-35,0.7600000000000005,0.23999000000000004,0.0,0.0,0.0,0.2100132867088973
92,963.0406479232706,49.99999999927464,5.552253759661127,52677.0050057387,7.170309319099624,0.855537891048627,7.688447582100763,0.6633226283516028,0.7599999216681268,0.24000007071474702,2.9383872624952205e-32,2.4005090620894547e-34,0.76,0.23999,0.0,0.0,0.0,0.21212967212926467
93,1155.6487875079245,49.999999999272504,5.555433672700511,53043.561659641986,7.097487596723871,0.8511046422434619,7.694473132726264,0.6819451407335099,0.7599998778024446,0.24000011621606274,5.588845128659956e-32,7.555240681084695e-34,0.7600000000000002,0.23998999999999998,0.0,0.0,0.0,0.21479311167373372
94,1386.7785550095093,49.999999999269946,5.558911189262943,53483.212467625686,7.00928606631217,0.8456737849779214,7.7016111926273485,0.7039700302226994,0.7599998199477914,0.24000017501485302,1.2144615723050893e-31,2.7241791445354007e-33,0.7600000000000001,0.23999000000000006,0.0,0.0,0.0,0.21764380717272036
95,1664.1342760114112,49.999999999266876,5.562600381380337,54008.86207404701,6.9027683208936,0.8390232973132692,7.710081212720044,0.7300433719564657,0.7599997416773508,0.24000025410741826,3.096394624676017e-31,1.1695521565470723e-32,0.7599999999999998,0.23998999999999995,0.0,0.0,0.0,0.2209092520437288
96,1996.9611412136933,49.999999999263174,5.566400180790559,54636.04646397163,6.774772560759069,0.830894719876287,7.720100318270179,0.7608115007993934,0.7599996334524203,0.2400003631127217,9.562231241167341e-31,6.10961712139114e-32,0.76,0.23999,0.0,0.0,0.0,0.22451947540433773
97,2396.3533794564323,49.99999999925872,5.570197438316796,55383.08805369192,6.6221276032808865,0.8209975450156921,7.731903905784073,0.7969698368076592,0.7599994807518224,0.24000051653739396,3.655797521779214e-30,3.8697761335390687e-31,0.7600000000000001,0.23998999999999998,0.0,0.0,0.0,0.22862027504792198
98,2875.6240653477184,49.999999999253355,5.573871220481042,56269.95294844826,6.4422217106030395,0.8090356670894748,7.7457458840354345,0.8392640976353423,0.7599992708802288,0.24000072703033848,1.7038861668433044e-29,2.742517455245626e-30,0.7599999999999999,0.2399900000000001,0.0,0.0,0.0,0.23350862882446288
99,3450.7488884172617,49.99999999924691,5.577327124441999,57321.07818191184,6.2328693241192425,0.7946880217405715,7.76188392851204,0.8884519373495396,0.7599989413565537,0.24000105714322742,1.0830027240571225e-28,2.4530390242007367e-29,0.759999999999999,0.23998999999999998,0.0,0.0,0.0,0.2387500125770002
100,4140.898676100714,49.999999999239144,5.580496668820566,58562.8122437165,5.993184500463869,0.7776576476781283,7.780579721826867,0.9452988964209079,0.7599984449489674,0.24000155400555015,8.495376075413384e-28,2.2535475954591415e-28,0.7599999999999982,0.23998999999999998,0.0,0.0,0.0,0.24462126338454168
101,4868.403755760119,49.99999999923092,5.583353256733023,59846.434160879704,5.757755667318137,0.760253231471742,7.799530723099328,1.002876598346315,0.7599977643486638,0.24000223493287695,6.2864210179731996e-27,1.6867691006971338e-27,0.7599999999999955,0.2399899999999999,0.0,0.0,0.0,0.25059189948830013
102,5539.6159979117865,49.99999999922333,5.585952361268241,61007.792801505544,5.557234402583376,0.7448587155907653,7.816384341630857,1.0541238737227785,0.7599969894034303,0.24000301008213146,3.316599678975718e-26,8.437696107171548e-27,0.7599999999999917,0.23999,0.0,0.0,0.0,0.25605228914476874
103,6196.681405542781,49.999999999215866,5.588323100699517,62127.186796955764,5.3734267621857725,0.7302513339806093,7.832340296866412,1.1026288715109005,0.7599960445546577,0.24000395507966432,1.6273710687924994e-25,3.856219805111628e-26,0.7599999999999857,0.23998999999999987,0.0,0.0,0.0,0.26125711841436056
104,6942.35472065517,49.99999999920738,5.590575151387706,63379.81100550278,5.176531450144717,0.714038856922038,7.849863879269141,1.1558197557217502,0.7599946832822412,0.24000531646798298,1.0108651854814565e-24,2.1962979248256356e-25,0.7599999999999745,0.23998999999999981,0.0,0.0,0.0,0.2669497383881205
105,7750.336567075269,49.99999999919816,5.59274003483789,64711.38505664615,4.97807903567612,0.697061787508719,7.868084247227392,1.211073075692063,0.7599928153328659,0.24000718450369674,7.027821873291874e-24,1.3831668733377193e-24,0.7599999999999553,0.23999000000000004,0.0,0.0,0.0,0.2728771475981633
106,8510.882058268415,49.99999999918945,5.5948449073011535,65938.28779164785,4.806182780341883,0.6818002831105011,7.884595421004119,1.2611881978424198,0.7599907139329514,0.24000928595707313,4.1037942546949236e-23,7.375826920814317e-24,0.7599999999999261,0.23998999999999981,0.0,0.0,0.0,0.2785925471763542
107,9263.540353477218,49.999999999180794,5.596863343518378,67132.70250762206,4.6474697477684215,0.667216571457384,7.9003779482608,1.3090857196944838,0.7599880734458035,0.24001192647958167,2.6775385676339003e-22,4.4099789882028895e-23,0.7599999999998833,0.23999,0.0,0.0,0.0,0.2841199391371459
108,10120.152106070362,49.9999999991709,5.598814100327251,68471.5292019971,4.4775470337882375,0.6510401565327744,7.917713476286961,1.361618996874639,0.7599843198415672,0.24001568010862986,2.493328593380199e-21,3.7286416503932937e-22,0.7599999999998062,0.23998999999999981,0.0,0.0,0.0,0.29009609198655406
109,11050.569757606529,49.999999999160124,5.600713513717106,69894.5064411699,4.306493864259316,0.634123832785156,7.935748758621739,1.4162109100454696,0.759979534429113,0.240020465537126,2.4723234669191454e-20,3.3361216287246397e-21,0.7599999999996744,0.23999,0.0,0.0,0.0,0.2965085870400447
110,11931.211515769748,49.99999999914987,5.602578700921482,71207.5907782469,4.158052102254847,0.6188899269338838,7.952131567446243,1.4658475727747742,0.7599736234064172,0.2400263765690497,1.954034205370427e-19,2.3927436461648946e-20,0.7599999999994842,0.23998999999999981,0.0,0.0,0.0,0.30257602366080116
111,12912.098214633843,49.999999999138424,5.604379142938464,72643.93080380655,4.003538969657201,0.60244406020043,7.969647762100888,1.5188266703376458,0.7599654045461494,0.24003459543590558,1.8088747555245575e-18,1.9883436136330543e-19,0.7599999999991561,0.23998999999999993,0.0,0.0,0.0,0.309057059169238
112,13968.966636690431,49.99999999912603,5.6061175777224745,74151.55539598037,3.850094766248828,0.585471419366272,7.987668111386271,1.5732850304842823,0.7599547145920754,0.2400452853946002,1.5916524088440263e-17,1.5576661651653127e-18,0.7599999999986029,0.2399900000000001,0.0,0.0,0.0,0.31582114529317146
113,14969.804295215163,49.999999999114245,5.607818441335847,75536.02901104122,3.717526574745384,0.5702540817599707,8.00396578308778,1.6225670480235244,0.7599423305063138,0.24005766948337431,1.0142736950779282e-16,8.907262040305768e-18,0.7599999999978212,0.23998999999999995,0.0,0.0,0.0,0.3222344752711828
114,16084.723342843658,49.999999999101064,5.60943903550808,77042.86330678228,3.5802046193710044,0.5539078485780133,8.021292313196797,1.674854124025401,0.7599254017978087,0.2400745981942564,7.427862198936747e-16,5.807916203176047e-17,0.7599999999964897,0.2399900000000002,0.0,0.0,0.0,0.32905063921669037
115,17289.502308512678,49.99999999908675,5.610976644981966,78617.70770845436,3.444298082254289,0.5371007298536996,8.039034823747539,1.7283222454769915,0.7599049780952352,0.2400950218985509,5.089319199382939e-15,3.5517847344076797e-16,0.7599999999942738,0.23999000000000056,0.0,0.0,0.0,0.3361464408770149
116,18438.59307555175,49.99999999907305,5.612452043574725,80061.08566984168,3.3268730772384205,0.5220362325170224,8.05505042592236,1.7765843740915632,0.7598800582771722,0.2401199417173578,2.7025294045576632e-14,1.7121992264155967e-15,0.7599999999911612,0.23999000000000206,0.0,0.0,0.0,0.3428501645899737
117,19724.612602463352,49.99999999905765,5.613767428458677,81616.27241144436,3.206146505298985,0.5059833636167496,8.071867571498009,1.8270800940955982,0.7598455423916156,0.24015445760103876,1.5809312168458993e-13,9.104745494013938e-15,0.7599999999859083,0.23999000000000664,0.0,0.0,0.0,0.3498796054719813
118,21127.39530783249,49.99999999904076,5.614575398746044,83162.10649767776,3.090935177837944,0.49008989726567287,8.08808346586661,1.875287137065212,0.7597873157878187,0.24021268419126834,8.577197156073779e-13,4.530873022323171e-14,0.7599999999772532,0.2399900000000222,0.0,0.0,0.0,0.35640240574780974
119,22650.926809746772,49.99999999902235,5.613576182411431,84433.97831040928,2.9950684126886364,0.4764067468968946,8.100472426391084,1.910838931946951,0.7597063286119426,0.24029367133085983,2.8134336987953938e-12,1.3941602151628576e-13,0.7599999999632868,0.23999000000007448,0.0,0.0,0.0,0.36031184446799963
120,24479.164612043915,49.9999999990002,5.607795261810001,85125.8539440663,2.9270344140092255,0.4664278285924681,8.105686944106314,1.923548779518552,0.7595235983324697,0.24047640155084873,6.091927456291293e-12,2.936844407496266e-13,0.7599999999381508,0.23999000000029438,0.0,0.0,0.0,0.3579315194666459
121,26673.04997480048,49.99999999897364,5.5965472342674065,85202.63620607645,2.8841690593528844,0.4600207135342776,8.104387027213258,1.91678481892382,0.7592631077494897,0.2407368920805474,8.850013109398229e-12,4.293339200756676e-13,0.7599999998828016,0.23999000000176,0.0,0.0,0.0,0.34934117071591664
122,29305.712410108365,49.99999999894196,5.583188716085732,84974.48931954392,2.855422599344928,0.4556703924353103,8.100829721925606,1.9040771558950136,0.7590118751215384,0.24098812467819844,1.0202639963038513e-11,5.046635294665093e-13,0.7599999997587399,0.2399900000115211,0.0,0.0,0.0,0.339105027239121
123,32464.907332477822,49.9999999989042,5.571457129937587,84583.23822591471,2.843237314072699,0.4538131100917597,8.096580948989578,1.890078205140787,0.7587014056132956,0.2412985941605053,1.1235382698772304e-11,5.692385923370318e-13,0.7599999995380082,0.23999000005254797,0.0,0.0,0.0,0.3303937087312787
124,36255.94123932117,49.99999999885914,5.563838900971015,84159.24207360182,2.84687881139876,0.4543689800865383,8.092389492798796,1.8767885238565603,0.758309962797712,0.24169003695099173,1.219292125328518e-11,6.328998488355411e-13,0.7599999991978114,0.23999000018720226,0.0,0.0,0.0,0.32452583740292384
125,40805.18192753319,49.999999998805265,5.560429102862326,83800.04635313668,2.8600866746707956,0.45637919458389187,8.088846760465191,1.8657896719506106,0.7578538611212042,0.24214613860582843,1.3000920513540738e-11,6.890755681543308e-13,0.7599999986991727,0.23999000064035672,0.0,0.0,0.0,0.32135663814410864
126,46264.27075338762,49.99999999874077,5.559775168411924,83535.84891178942,2.876040280751624,0.4587949643205986,8.08617455365061,1.857574486643531,0.7573546633568417,0.24264533635278004,1.3648381282705607e-11,7.350284916907061e-13,0.7599999979953259,0.23999000218789704,0.0,0.0,0.0,0.32001414749667617
127,52815.17734441292,49.99999999866344,5.560002231978472,83290.46847069396,2.893767716543783,0.46146366725573035,8.083697234275945,1.849956343806234,0.7566911421995932,0.24330885748802572,1.4514169967386049e-11,7.9349228297175e-13,0.7599999970073001,0.23999000717438684,0.0,0.0,0.0,0.3192638362403876
128,60676.265253643294,49.9999999985707,5.560611501298343,83074.81051841106,2.910852456435368,0.4640201927353102,8.081520086047897,1.843227996454868,0.7559139345795147,0.24408606508712577,1.533934011065299e-11,8.49968746904979e-13,0.759999995438861,0.23999002176418532,0.0,0.0,0.0,0.31882209378149606
129,70109.57074471973,49.99999999845945,5.561342115514297,82879.94995857816,2.927017090656516,0.4664252582575526,8.079572066112595,1.8371521420431391,0.7549917960535547,0.2450082035921848,1.6165905593844887e-11,9.067609550125656e-13,0.7599999920235225,0.23999005893675968,0.0,0.0,0.0,0.3185264091995495
130,81429.53733401147,49.99999999832596,5.562133960866821,82697.869481983,2.9426018188463567,0.4687314990764192,8.077777618452616,1.8314894415986451,0.753892701967774,0.2461072976567373,1.701120295909842e-11,9.650945461030654e-13,0.7599999818282509,0.23999014193138365,0.0,0.0,0.0,0.31831592874066067
131,95013.49724116155,49.99999999816579,5.563016433865488,82523.59943131333,2.958046883997451,0.47100505312944047,8.076088214556885,1.8260858915994151,0.752580028841254,0.2474199707612245,1.788625386032909e-11,1.0258028305799843e-12,0.7599999418623836,0.23999032090757394,0.0,0.0,0.0,0.3181857737098085
132,111314.24912974164,49.99999999797362,5.564040332326959,82354.20154030358,2.973731856292721,0.4733018052812232,8.074475997346099,1.8208484420162558,0.7510104599325416,0.2489895396470182,1.880082940087543e-11,1.0896027106511838e-12,0.7599997819751806,0.2399907192015448,0.0,0.0,0.0,0.31815124592876226
133,130875.15139603775,49.999999997743004,5.565254086305162,82186.87038058543,2.9900284301946436,0.47567531776187205,8.072918692879986,1.8156980757764638,0.7491273975033044,0.25087260205204237,1.9768973023761592e-11,1.1574889188191963e-12,0.7599990262594266,0.23999186429340114,0.0,0.0,0.0,0.31822607330643377
134,154348.23411559308,49.99999999746625,5.56674475701231,82027.4642180199,3.0068167940275243,0.4781069672535554,8.071457795454021,1.8107466278210322,0.746905574160782,0.2530944253696728,2.07664002381789e-11,1.2277432774930136e-12,0.7599961589878986,0.23999533114703328,0.0,0.0,0.0,0.3184601986206695
135,182515.93337905948,49.99999999680203,5.568526951661898,81868.43902350076,3.0247091287130217,0.4806836170484378,8.070039388793615,1.8058102631024617,0.7442453666488846,0.2557546328549484,2.1839480369159255e-11,1.30354732639276e-12,0.7599872509196195,0.24000506147840298,0.0,0.0,0.0,0.31885071002365856
136,216317.17249521916,49.999999995207915,5.570677943963877,81707.34052057783,3.0441775789356815,0.48346998295478427,8.068645993129731,1.8008142407704182,0.741049874019322,0.25895012545537793,2.3009592333677874e-11,1.386462780855353e-12,0.7599650245157357,0.24002827176750374,0.0,0.0,0.0,0.31942958017542683
137,256878.65943461074,49.99999999138203,5.573285500879889,81543.65217696385,3.065600751349047,0.4865155938398338,8.067278043639078,1.7957319810916075,0.7372099938025279,0.2627900056404718,2.4294689484693905e-11,1.4777541120187473e-12,0.7599138012057024,0.24008056386814422,0.0,0.0,0.0,0.32023417599529924
138,305552.4437618807,49.99999998219992,5.576450529116704,81376.65255328015,3.0894330147294475,0.489878783253867,8.06593787889263,1.7905373809597125,0.7325924190002883,0.2674075804073027,2.571876112747786e-11,1.5790856485557091e-12,0.7598089946120905,0.24018642959636302,0.0,0.0,0.0,0.32131948917500075
139,363960.9849546046,49.999999962708635,5.580295166586493,81206.11979728716,3.116184946208373,0.49362322523100205,8.064627135421592,1.785193222435708,0.7270328225188973,0.2729671768495443,2.7314330484664136e-11,1.6927182972040347e-12,0.7595959013708793,0.24040052220375238,0.0,0.0,0.0,0.3227431204439911
140,434051.23438587325,49.99999992648272,5.584971137670667,81030.41057003922,3.146608060610653,0.497842650852636,8.06334749924975,1.779652755488816,0.7203278352643505,0.2796721640588026,2.9125378945724384e-11,1.8217128752739373e-12,0.7592260571388478,0.24077122874986306,0.0,0.0,0.0,0.32459572751127996
141,518159.53370339563,49.99999986339194,5.590660921684551,80851.76271137879,3.1813000788683596,0.5026046362403641,8.062100857273542,1.7738583252393298,0.7122247749270905,0.2877752243459023,3.121135276422827e-11,1.970220118494959e-12,0.758559476425464,0.24143851071042222,0.0,0.0,0.0,0.32693516075352025
142,619089.4928844225,49.99999975702196,5.597602034770808,80666.54062784676,3.2215680750514473,0.5080673128690268,8.060890471936386,1.7677395563883167,0.7024063548915814,0.2975936443224429,3.365472473335059e-11,2.143998025785907e-12,0.7574604541978389,0.24253806702414693,0.0,0.0,0.0,0.32991510383927525
143,740205.4439016548,49.99999958359717,5.60616780194029,80470.41096485892,3.269374140958803,0.5144646232589053,8.059725035800021,1.7612337933444637,0.6904673652383243,0.3095326339041729,3.657457091750607e-11,2.3512937976680498e-12,0.755807935621173,0.2441909546981492,0.0,0.0,0.0,0.3337072558367563
144,885544.5851223336,49.999999310160405,5.616724875295666,80264.35592182356,3.3263668842960397,0.5219701483825706,8.058608051129193,1.754221240192,0.675882272751463,0.32411772630460745,4.014299200762535e-11,2.604190050261178e-12,0.7532707889215843,0.2467283506418971,0.0,0.0,0.0,0.33856995962914893
145,1006435.7636417069,49.99999901568524,5.6256797833132275,80091.46270455835,3.3753639064833476,0.5283206020730752,8.057844710795226,1.748839825776442,0.6634969902415014,0.3365030087402969,4.321667578397686e-11,2.821896956140384e-12,0.7509415669042334,0.24905769004776568,0.0,0.0,0.0,0.34304891841142016
146,1115632.30182769,49.9999986995563,5.633887056864089,79930.46271986616,3.421149360751464,0.5341720350544513,8.057254282736714,1.7442439662625597,0.6520805280999509,0.3479194708121581,4.6105498083346126e-11,3.0263085741491388e-12,0.7488157865576067,0.25118352390615817,0.0,0.0,0.0,0.347396077348529
147,1218351.1764177862,49.99999836091787,5.6417037357957645,79781.46314907214,3.4649824176546855,0.5397010352148032,8.056774582296113,1.7401138736177117,0.6411628374747066,0.3588371613693958,4.8928780791991134e-11,3.2258546151123893e-12,0.7467486197306871,0.2532507134093286,0.0,0.0,0.0,0.351680671719396
148,1317064.4237420675,49.99999799801232,5.64931151326876,79630.32424814982,3.508746150860474,0.5451519492161405,8.05636912864495,1.7362825368061734,0.6304603701823775,0.3695396285934397,5.176704754368114e-11,3.4262895790497794e-12,0.744704418655111,0.25529492042331364,0.0,0.0,0.0,0.3559964680303632
149,1412958.2942193295,49.99999760987062,5.6567445485166745,79471.37163052289,3.553072077074329,0.5506040176098317,8.05600924132087,1.732632204232925,0.6197620557224813,0.3802379429841347,5.46826878704376e-11,3.63225160598133e-12,0.7426456761498357,0.2573536592043127,0.0,0.0,0.0,0.36041698904138597
150,1506334.7579584667,49.99999719721099,5.664075300755879,79315.26640913852,3.59730479532956,0.555977236629121,8.055702193612081,1.7291836491763306,0.6091688861235877,0.39083111251179975,5.7652425762181006e-11,3.841816364009835e-12,0.7405417790591016,0.25945754691243555,0.0,0.0,0.0,0.3649062577293849
151,1597439.4310841078,49.99999676006696,5.671276406808692,79167.68707819364,3.640788496201582,0.5611954502603484,8.055433824959678,1.7258876250390156,0.5986002691045201,0.4013997294573574,6.070426083962731e-11,4.057100061799687e-12,0.7381810002829053,0.2618183187696751,0.0,0.0,0.0,0.36927603038188406
152,1686555.0786327021,49.99999629621139,5.678307794367322,79005.30162654945,3.685484483732857,0.5664945871153618,8.05518478883542,1.722677682077075,0.5878689488234567,0.41213104966077707,6.389738369060097e-11,4.2825899781984984e-12,0.7354949213254945,0.2645043933106406,0.0,0.0,0.0,0.37369082354492655
153,1773387.7210167614,49.999995805775555,5.685580514250277,78864.4616896759,3.729758663833968,0.5716807314451366,8.055031422945135,1.7198075104001844,0.5777984352000615,0.42220156321026336,6.700206540713526e-11,4.500093304044295e-12,0.7327253407753664,0.26727397218814514,0.0,0.0,0.0,0.37845877278476003
154,1859106.2454152987,49.99999528139211,5.692664356906989,78689.11259564449,3.777078787395038,0.577156044021074,8.054874771675259,1.7169291913959128,0.5673313636178602,0.43266863471279327,7.033356500134958e-11,4.734154716857389e-12,0.7299535963008029,0.2700457155612456,0.0,0.0,0.0,0.3834263348710752
155,1943976.9094806048,49.99999472146891,5.699361559697561,78468.54389953717,3.8277428445058037,0.582942753304513,8.054679545548195,1.7139250430887867,0.5560370222590684,0.44396297598287754,7.402928108625953e-11,4.995494436469544e-12,0.7272417890762075,0.2727575201753088,0.0,0.0,0.0,0.38834607389634
156,2025572.38564794,49.9999941441395,5.706061117860755,78242.66239319895,3.879685126876941,0.5887964799218163,8.054544143064543,1.7111937139071909,0.5452151607719052,0.4547848373824025,7.769908226212715e-11,5.253840160380309e-12,0.7246998880215688,0.27529941640505085,0.0,0.0,0.0,0.39358921434319316
157,2103942.254614647,49.99999355203643,5.712307880054046,77981.09949935866,3.9339459834446586,0.5948283923771733,8.054404332598752,1.7085214768926253,0.5341371666154223,0.46586283144633195,8.156846840056567e-11,5.5271097170226965e-12,0.722320997247693,0.27767830032420954,0.0,0.0,0.0,0.3988150917127494
158,2179597.350910712,49.99999294519117,5.718444450687024,77701.36185645149,3.9904155565104955,0.601018124885231,8.054296666130316,1.706027170968898,0.523208197980742,0.47679179998628785,8.55190489264747e-11,5.805569432514996e-12,0.7201056112283392,0.27989367795824693,0.0,0.0,0.0,0.4042888894350482
159,2252359.671270241,49.99999232775004,5.724487636677783,77424.21379321403,4.047094741299267,0.6071433712168378,8.054228002159078,1.7037282789621486,0.5126535897285266,0.48734640814423824,8.947803280198425e-11,6.083764633488366e-12,0.7180139740134932,0.28198530634330066,0.0,0.0,0.0,0.40989827367611636
160,2323257.747479121,49.99999169302137,5.730620969701395,77144.13083895954,4.105422565140472,0.613357865052006,8.054207024558712,1.7016239115859049,0.502534328544224,0.4974656692345836,9.34295406876155e-11,6.359975284117894e-12,0.716000490871883,0.28399878085629104,0.0,0.0,0.0,0.41592238749836125
161,2393452.5246389834,49.99999103065036,5.736760732471381,76836.56534107875,4.167711425029662,0.6198976405083642,8.054204793565843,1.6996004369678461,0.4922309990359614,0.5077689986439159,9.760134202296047e-11,6.651203953289404e-12,0.7140250070325277,0.285974256393099,0.0,0.0,0.0,0.4223369233043639
162,2463092.021493071,49.99999033853829,5.742778357326897,76494.83763139695,4.234265493008183,0.626778085269028,8.054203657166134,1.6975918656517057,0.48149099749847546,0.5185090000746868,1.0210236309311155e-10,6.9657875857721455e-12,0.7119553433589415,0.28804391171248,0.0,0.0,0.0,0.4290425456906721
163,2531125.486429614,49.999989626394054,5.748626295081376,76125.51983425434,4.304332040031808,0.6339057658162002,8.054211026071203,1.6956541818160786,0.4706040834206901,0.5293959140395068,1.0683629964514248e-10,7.296628114612527e-12,0.7100649211936658,0.2899343263374249,0.0,0.0,0.0,0.4359330384344038
164,2596933.526492285,49.999988902897236,5.754365458940883,75741.26350654734,4.376942073039322,0.6411707989489951,8.0542404414058,1.6938489565649737,0.45988661272752807,0.5401133846176105,1.1168665920138973e-10,7.634832536442133e-12,0.7083102990015473,0.2916889416503807,0.0,0.0,0.0,0.44306645922051763
165,2660780.594569658,49.99998816705096,5.759951713753748,75340.69983156344,4.452149279952714,0.6485697177410209,8.054285659168254,1.6921563487690343,0.4492075133464565,0.5507924838796051,1.1671323611191253e-10,7.984842944708284e-12,0.7066862292288463,0.2933130068157695,0.0,0.0,0.0,0.4503874326972289
166,2722977.5271103648,49.99998741705727,5.765350590221251,74923.59531639704,4.5299273513735505,0.6560912370789285,8.054341160968603,1.6905391649136499,0.4384956325908319,0.5615043645108323,1.2195687161594536e-10,8.349724426435295e-12,0.705134127962808,0.2948651066452199,0.0,0.0,0.0,0.45785982204207915
167,2783513.3034884813,49.999986654488964,5.770639531568632,74487.23092143652,4.611150185772865,0.6638092674786166,8.054413884732854,1.689033519672792,0.42780292239275974,0.57219707457994,1.2740815743570032e-10,8.728313627225214e-12,0.7036854563494405,0.2963137791874219,0.0,0.0,0.0,0.46562736491700424
168,2842426.5824713744,49.99998588018431,5.775850032484585,74034.05529941726,4.695859551241206,0.6717150990928175,8.05450632298809,1.6876491826074735,0.41719824300847147,0.5828017538309257,1.330485081284844e-10,9.119043881805491e-12,0.7022986625047797,0.2977005756179243,0.0,0.0,0.0,0.47365321418623335
169,2899906.5863200263,49.99998509254202,5.7809750143249925,73563.62097234697,4.784256679461679,0.6798144718757183,8.054616717129186,1.6863681056267334,0.406677377874784,0.5933226188268312,1.3889089347014332e-10,9.522810436262803e-12,0.701058744964594,0.2989404965110151,0.0,0.0,0.0,0.4819929988398582
170,2956180.066197737,49.99998428966145,5.786029225021954,73074.10506159213,4.8768653269757225,0.6881407628585628,8.05474424196788,1.6851858929456784,0.3961735935685037,0.603826402989731,1.449862353232319e-10,9.943080274051043e-12,0.6999491416969835,0.3000501035770253,0.0,0.0,0.0,0.4906890806525923
171,3011357.0317981285,49.999983470819316,5.791030075695886,72566.74375070869,4.973852790023007,0.6966929274102386,8.054889882734125,1.6841027138312983,0.385701144912399,0.6142988514960853,1.5134352162939085e-10,1.0380276517760101e-11,0.6989382630467829,0.3010609870040759,0.0,0.0,0.0,0.4996585932904185
172,3065500.4762265147,49.99998263563726,5.795966111539524,72039.90935217764,5.075629364532503,0.7054899012841279,8.055052397619207,1.6831113947469338,0.3752346578589076,0.624765338393337,1.5799591495509091e-10,1.0836641987606219e-11,0.6980101128444157,0.3019891429664555,0.0,0.0,0.0,0.5090891987870831
173,3118666.801715918,49.99998178354308,5.8008634582906256,71492.76696322659,5.182754990441528,0.714560678487545,8.055233712779335,1.6822242113812267,0.36477295883183386,0.6352270372569485,1.6496701320089498e-10,1.1313505085387213e-11,0.6971370102523544,0.3028622526620096,0.0,0.0,0.0,0.5189197903419228
174,3170877.9492504536,49.999980914196975,5.805736957356848,70924.96192988032,5.295700516710757,0.723923416836181,8.055435180008555,1.6814450620186974,0.3543422522155474,0.6456577437024406,1.7226396719712704e-10,1.1811052653298337e-11,0.6963089931420092,0.3036902782902666,0.0,0.0,0.0,0.5291305208412872
175,3222193.9341818187,49.99998002643995,5.810578375449799,70332.36218476915,5.415417459630825,0.7336319408183899,8.05565619914962,1.6807781685585015,0.3438939503651041,0.6561060453734036,1.7994658715111397e-10,1.2333294303327104e-11,0.695537273428657,0.3044620071205486,0.0,0.0,0.0,0.539991863522682
176,3272635.7270927974,49.999979119542225,5.815408343581613,69713.85049094424,5.54267215637878,0.7437191912595407,8.055898506152241,1.680230627355381,0.33346523813612167,0.6665347574141028,1.8801940141175345e-10,1.2880127121220426e-11,0.6948320089704746,0.30516728049806413,0.0,0.0,0.0,0.551424942186137
177,3322219.2086621127,49.99997819282116,5.82019781902246,69070.06356489738,5.6776989226095536,0.7541723590041901,8.05616022861614,1.6797914821590898,0.3230089531879535,0.6769910421636648,1.9655119140775047e-10,1.3456229122605255e-11,0.6941555412733084,0.3058437571028808,0.0,0.0,0.0,0.5633489128722052
178,3370949.4356150734,49.999977245642384,5.824955375868231,68400.60878054467,5.821178473743778,0.7650109146901147,8.056442506695507,1.6794632891019425,0.3125637082932106,0.6874362868493633,2.055487354278069e-10,1.4061672267576212e-11,0.6935535097128309,0.30644579661092314,0.0,0.0,0.0,0.5758187539256692
179,3418824.474485875,49.99997627766752,5.82967158505017,67705.16800702669,5.973726198916116,0.776245313175222,8.056745729148796,1.6792476642685426,0.3021289912300838,0.6978710036921558,2.150522164580688e-10,1.46988682453013e-11,0.6930250214208954,0.30697429180503866,0.0,0.0,0.0,0.5888398114970259
180,3465887.701333187,49.99997528755433,5.834346352601725,66981.97843844765,6.136353848877334,0.7879103949735182,8.057070673579851,1.6791486234625204,0.2916769415785725,0.7083230531103886,2.2513394639187352e-10,1.537238385484421e-11,0.692558867721965,0.30744045149860205,0.0,0.0,0.0,0.6025755221814738
181,3512138.377951978,49.99997427448857,5.838989359432629,66230.66963898197,6.310002748203229,0.8000295483929833,8.057418689305566,1.6791680583972775,0.2812515314748234,0.7187484629678025,2.3580423429473717e-10,1.6082346428123264e-11,0.6921251628916473,0.3078741618638741,0.0,0.0,0.0,0.6174989835625523
182,3557604.237249901,49.99997323610837,5.843604584420409,65447.801346911,6.49628889663657,0.8126653301840511,8.05779187028081,1.6793156796624156,0.2708059692562676,0.7291940249245811,2.471695284031192e-10,1.6835429696625085e-11,0.6917368376807391,0.3082624919435226,0.0,0.0,0.0,0.6327058995761443
183,3602302.1656398987,49.999972171009055,5.84815470136903,64637.73586971684,6.69511807170864,0.8257582404129079,8.058188206665449,1.6795797033073787,0.2603585965301316,0.7396413973724899,2.5927622577537496e-10,1.7634475390270934e-11,0.6913867776920548,0.3086125564386199,0.0,0.0,0.0,0.6486243606734865
184,3646221.144798613,49.99997107791618,5.8526869732200755,63796.13870871901,6.908883351667694,0.8394078601966007,8.058612983804773,1.6799809017593315,0.24992792777185432,0.7500720658349286,2.721836353258395e-10,1.8482272671840614e-11,0.6910702607235273,0.30892907755580135,0.0,0.0,0.0,0.665975448711247
185,3689396.0387207023,49.99996995288674,5.857222644069141,62916.67435799597,7.1405713908743245,0.8537329655541667,8.059068904034012,1.6805278939734731,0.2395224793378318,0.7604775139538433,2.8596983349420247e-10,1.9383103686359003e-11,0.6907839871394612,0.3092153548776049,0.0,0.0,0.0,0.6841226231805888
186,3731876.9021032085,49.99996879159987,5.861778068799425,61995.110253077466,7.393112619625994,0.8688273218758071,8.059558565596209,1.6812314006655567,0.22914727632993998,0.7708527166255357,3.0072852385506033e-10,2.034214154045302e-11,0.690515740848256,0.3094836046666696,0.0,0.0,0.0,0.7037952952196076
187,3773721.414811815,49.9999675872995,5.866271376190804,61034.01525801357,7.667344292005263,0.8846449651162718,8.060079332025143,1.682080931833883,0.21874464616586317,0.7812553464277813,3.1665311507928915e-10,2.13719824267898e-11,0.6902715983335763,0.30972775032352845,0.0,0.0,0.0,0.7238168337023614
188,3814930.4383635055,49.99996633611182,5.870749410831654,60027.31279983485,7.967646585746025,0.9013300622047614,8.060637911104589,1.683098468686417,0.20830640245575402,0.7916935897468902,3.3391186975670146e-10,2.2481924091841368e-11,0.6900519896143771,0.30994736196180517,0.0,0.0,0.0,0.7463918045410084
189,3855454.342608787,49.999965030463315,5.87516558833144,58971.13112941361,8.297686813206544,0.918957038848818,8.061235146129095,1.68429972068363,0.19783062187947847,0.8021693698992678,3.5268514730176016e-10,2.3682614996886453e-11,0.6898393806981854,0.31015997398650486,0.0,0.0,0.0,0.769471895827023
190,3895249.310351915,49.99996366454934,5.879611600461736,57852.151210389435,8.666024964108965,0.937819935766802,8.06188066532662,1.6857511637616576,0.18737310535110072,0.8126268859685328,3.7309749188557663e-10,2.4979003159409753e-11,0.6896435349354324,0.31035582280097396,0.0,0.0,0.0,0.7941431680988998
191,3934323.976454726,49.999962225624955,5.884048387379848,56668.9759241482,9.077925735745227,0.9579866255661192,8.062573663054406,1.687414589357369,0.17694482229152222,0.8230551685293294,3.953597624650012e-10,2.6383287394100245e-11,0.6894599865872928,0.31053937416997723,0.0,0.0,0.0,0.8213140514863447
192,3972736.091271652,49.99996069148559,5.888437071249995,55424.219293211434,9.53833404205251,0.9794725277937808,8.0633185128153,1.68928605870675,0.1664868483962421,0.833513141877172,4.198889480583814e-10,2.7920256022132527e-11,0.6892923540851693,0.3107070095193312,0.0,0.0,0.0,0.8478051563036778
193,4010485.482914036,49.9999590447428,5.892812929363724,54108.317551677865,10.05846166894812,1.0025315652355173,8.064122219132352,1.6914043517428263,0.15605445879069144,0.8439455308816807,4.469392556297867e-10,2.9602236832029395e-11,0.6891365375691446,0.31086282880506266,0.0,0.0,0.0,0.8802380573918186
194,4047579.9231220083,49.999957227881694,5.897129352120204,52655.01677994992,10.67427349166872,1.0283383259175354,8.064993813683587,1.6937922356754411,0.14558866427505782,0.8544113247300605,4.771089854158754e-10,3.1463485655837615e-11,0.6889910785370441,0.3110082905836052,0.0,0.0,0.0,0.9160617758957338
195,4082929.8366305996,49.999955209894836,5.901280392909098,51078.773634342855,11.397574354612416,1.0568124340999305,8.065914168524404,1.6963916717166927,0.13543939381123687,0.8645605944748461,5.097896836698832e-10,3.346183552859498e-11,0.6888631283349118,0.311136243390696,0.0,0.0,0.0,0.9557956756440434
196,4114940.663209956,49.99969311601536,5.905873163959011,50141.64646338182,11.890293145602918,1.0751925619314204,8.066724284954926,1.6988694588093587,0.1278795962496318,0.8721203914299052,5.375981756353746e-10,3.513627423329452e-11,0.6887494693753232,0.3112499049402591,0.0,0.0,0.0,0.9894908131415492
197,4148750.580915561,49.995251588200354,5.910096327020883,49707.37844656136,12.157929088831127,1.0848596060315479,8.06778802134085,1.702038548500328,0.11798276724857375,0.8820172195700257,5.771424719605876e-10,3.7511036984385834e-11,0.6886227203621735,0.3113766572735803,0.0,0.0,0.0,0.9899389801986921
198,4188200.231725997,49.98425960136414,5.914917168816633,48812.408449877556,12.678015310568297,1.1030512719107408,8.069155079501943,1.7061845350681064,0.10610136641517698,0.8938986192040074,6.325006462038337e-10,4.0812434504055943e-11,0.6884940500479642,0.3115053316054497,0.0,0.0,0.0,0.9892358282791113
199,4227141.880704258,49.96532449746689,5.919777497100622,47834.05358944963,13.27600899326055,1.1230675379307593,8.070721743168042,1.711044178413861,0.0941482634564092,0.9058517207348737,6.989781445079781e-10,4.472117502034046e-11,0.6883734495559277,0.3116259368175639,27.296042591580978,0.0,0.0,0.9883578258387885
200,4262930.001753509,49.943398326432785,5.924329230314291,46702.71339671435,14.00017772897548,1.1461335489799085,8.072425284944336,1.7164127909967282,0.08292626451004366,0.9170737180780869,7.743958225063266e-10,4.908194365507907e-11,0.6882670373357836,0.31173235421883366,27.139857107086804,0.0,0.0,0.987953661801483
201,4296894.300310104,49.92154911090428,5.928722936638806,45504.060434673906,14.822256557410588,1.1709143261688675,8.07432773879733,1.7224084943567821,0.07210564222731752,0.9278943384790987,8.638792411576053e-10,5.416993327258745e-11,0.6881749001708615,0.3118244970267451,26.884524922694666,0.0,0.0,0.9896221478979151
202,4328743.01656391,49.90003643523971,5.932970902317986,44329.20397149574,15.694907002762742,1.1957587467129245,8.076470196979352,1.7292427041673673,0.06176085801630021,0.9382391204539061,9.715597497865579e-10,6.017769667853562e-11,0.6880949794207012,0.31190442388648154,26.663208715925055,0.0,0.0,0.9897490000923449
203,4357371.690384948,49.87876501862494,5.936813348962576,43229.88740425896,16.576453763112294,1.2194916265858005,8.07880389402777,1.7366215912172343,0.05229491712173446,0.9477050587640873,1.097754684736309e-09,6.707433075865968e-11,0.6880279967831605,0.3119714126248125,26.460512112425103,0.0,0.0,0.9885521975212644
204,4382273.917423235,49.861103421033455,5.940206111743202,42198.017553237085,17.465141952603396,1.2421721198323434,8.08129408463369,1.7444634081015393,0.04392857403899226,0.9560713989274647,1.2426094324769279e-09,7.48114593437351e-11,0.6879736659754643,0.3120257490123942,26.220358238793658,0.0,0.0,0.9898357648435178
205,4403477.014023321,49.844561582618965,5.9431414476696185,41319.84645676627,18.27706627496657,1.2619064866470762,8.083905794463561,1.7526257045226055,0.036700242309257856,0.9632997274057356,1.406755225235167e-09,8.337213940806349e-11,0.6879297036742047,0.312069716193774,27.513132256852852,0.0,0.0,0.9895846205111044
206,4421279.256583551,49.820324546231895,5.947572919460411,40061.07431905878,19.54314424009393,1.2909944373903746,8.083415832425821,1.752111016482101,0.03625108469163177,0.9637488837658,1.4614360264016487e-09,8.69477227129506e-11,0.6878935477176051,0.3121058763631156,29.109707948928122,0.0,0.0,0.9894974705146097
207,4436733.074767827,49.781859673151494,5.950986181593299,39195.98226889078,20.49571845292025,1.3116631465934798,8.085394869296838,1.7586281066697071,0.03211164166596985,0.9678883244436209,1.5832321472807874e-09,9.304823460524164e-11,0.6878598551495616,0.312139572976842,29.142912437950777,0.0,0.0,0.9871275989526964
208,4451412.5630667275,49.75969420002452,5.953905257535851,38188.91503077656,21.66362601121275,1.3357311496514421,8.087749288892425,1.7661626188649164,0.02779305852935845,0.9722069046565702,1.7372626169453102e-09,1.0061535734530041e-10,0.6878291546328729,0.31217027724091617,29.142912437950738,0.0,0.0,0.9882506750755968
209,4465281.779799028,49.74352040410063,5.956485216947698,37262.61941561571,22.821753367675345,1.3583490076831461,8.090400111517974,1.77455643876213,0.023554051456954234,0.976445908108232,1.930590368425861e-09,1.0997404971823083e-10,0.6878028024427416,0.3121966326609132,29.14291243795079,0.0,0.0,0.9899254270378978
210,4477421.904242982,49.730006532862106,5.958706354354909,36494.647436485815,23.853273796663654,1.3775479931980577,8.093188483094135,1.7833322226700874,0.01976054247615568,0.98023941292042,2.1568304442472583e-09,1.207291431168856e-10,0.6877808304653928,0.3122186073196955,29.18342876291861,0.0,0.0,0.9887617270548024
211,4487737.314075562,49.71956773614947,5.9606257655935755,35826.650312591424,24.805822632698693,1.3945536340699525,8.09605403842654,1.7923042562107279,0.016488403975684195,0.98351154675385,2.414817980967361e-09,1.3275162362224493e-10,0.6877628592295096,0.31223658072885907,29.183428762918766,0.0,0.0,0.9891947273430641
212,4496371.982779439,49.71039288702754,5.962269994747754,35277.5083230372,25.632581814975456,1.4087923522445625,8.098964359370504,1.8013763721064247,0.013718081874769044,0.9862818637055246,2.7051033045827588e-09,1.460039210563629e-10,0.6877479194958229,0.31225152224899533,29.183428762918766,0.0,0.0,0.9879744008090235
213,4503543.430240898,49.70311916521899,5.963669394302148,34784.216234133084,26.407264391219933,1.421723413651715,8.101900602538336,1.8104961670934399,0.011396681433641805,0.9886032585144269,3.029165291178404e-09,1.6049611430823382e-10,0.6877357447150272,0.31226369846859636,29.183428762918773,0.0,0.0,0.9892539961607321
214,4509475.91601981,49.69680121978443,5.964875081547402,34380.222461210826,27.069070090254243,1.4324733366124707,8.104846828966178,1.8196118813381024,0.009461254294909936,0.9905386795227934,3.3892859701927956e-09,1.7628388819810994e-10,0.6877257812960964,0.31227366305171084,29.18342876291873,0.0,0.0,0.9895533880153591
215,4514373.994621171,49.69132407509071,5.9659140684064775,34069.691832067714,27.59775688179971,1.4408737844766122,8.107809219755326,1.8287571823928128,0.007853241709844212,0.9921466854615563,3.788398032341468e-09,1.9343209331497216e-10,0.6877178059437031,0.3122816393261759,29.183428762918805,0.0,0.0,0.9887955303636279
216,4518415.176385201,49.68635323796003,5.966815526866259,33817.2805429965,28.04035861218042,1.4477835635847487,8.110776636751403,1.8378957211368054,0.006518760866605128,0.9934811591154409,4.2297142274937e-09,2.1203845602961463e-10,0.6877112285892405,0.31228821743395974,29.18342876291867,0.0,0.0,0.9879669539960689
217,4521749.401664633,49.6818418645629,5.967601274867053,33555.7497220193,28.50492517061005,1.4549199052582775,8.113743029344118,1.847013046415944,0.005412707399823405,0.9945872048248177,4.71652551836062e-09,2.3219962831021682e-10,0.6877059103795419,0.31229353624766604,29.183428762918748,0.0,0.0,0.9891963944681895
218,4524501.605471287,49.677559414909474,5.9682964806797365,33349.11703207745,28.882362973082714,1.4606327215911568,8.116706233818498,1.856106155535792,0.004496031784724646,0.9955038720836328,5.2526869615332315e-09,2.540345999238509e-10,0.6877015233324018,0.3122979237894709,29.183428762918698,0.0,0.0,0.9891131406775175
219,4526775.222967633,49.673490984257256,5.968933124038711,33198.90042026453,29.165694573952376,1.4648723235070904,8.119905503533982,1.8659028389714813,0.0036782462837089795,0.9963216478857425,5.890087216020669e-09,2.7955142241039153e-10,0.6876979051867979,0.3123015423404889,29.183428762918673,0.0,0.0,0.9882943122737652
220,4528617.510821169,49.66986471799913,5.969470341130882,33032.15156221091,29.479126200052107,1.4695146063199906,8.122805996271685,1.8747840336403296,0.0030686612706115847,0.9969312233096954,6.533830533427672e-09,3.0498808118636407e-10,0.687695050923692,0.31230439692173034,29.18342876291866,0.0,0.0,0.9897814513302943
221,4530126.451278997,49.66644907758451,5.969950450296771,32910.46348452516,29.713950041092055,1.4729603888289176,8.125671138470723,1.8835479541087048,0.0025618722999575893,0.9974380020796042,7.2327859292890425e-09,3.3228409056948e-10,0.6876926648475532,0.3123067832626606,29.183428762918616,0.0,0.0,0.9895933731913936
222,4531392.17973389,49.66329746178268,5.970403266358966,32831.34233911638,29.87290892442271,1.4752775148141595,8.128748002361444,1.892955331319843,0.00210927882564818,0.9978905839268677,8.049460411782401e-09,3.6372734633992393e-10,0.6876907275989046,0.3123087207254774,29.183428762918652,0.0,0.0,0.9890313939178917
223,4532429.240338417,49.66045699609381,5.970813222839261,32741.155377965613,30.051888623171195,1.4778717706098936,8.131713625403266,1.9020075133578425,0.0017466050059229664,0.998253245554226,8.923678466171573e-09,3.970997791524219e-10,0.6876891623689301,0.31231028612795586,29.183428762918567,0.0,0.0,0.9899483206170075
224,4533274.562120838,49.6576786348194,5.971181967586352,32694.246501172423,30.150983237709912,1.47930147925392,8.134624377234408,1.9109044878040884,0.0014522998968607126,0.9985475379240141,9.858889609408114e-09,4.324147111676683e-10,0.68768789766223,0.31231155097368496,29.183428762918844,0.0,0.0,0.9891900502443403
225,4533973.509327025,49.655151643701934,5.9715249974411355,32648.934229050883,30.246675118358016,1.4806776415632912,8.137525963846404,1.9197729487830935,0.0012063594557270507,0.9987934647860713,1.0877468417081262e-08,4.70583631455462e-10,0.6876868325336076,0.3123126162191513,29.183428762918666,0.0,0.0,0.9892930493636383
226,4534551.77721045,49.65274735699646,5.971839954656341,32614.675762454397,30.321243455665538,1.4817470074765335,8.140366426706288,1.9284550901414734,0.0010050383039864347,0.998994771699865,1.1968650215236765e-08,5.111984870215673e-10,0.6876859715643302,0.3123134772827092,29.18342876291867,0.0,0.0,0.9891120702214814
227,4535031.39561224,49.65055381625488,5.972129934556384,32579.697505023163,30.396531711864018,1.4828240328084585,8.143135921558896,1.9369106191429737,0.0008390987517096438,0.9991606963318531,1.3133844869715223e-08,5.544125559246887e-10,0.6876852486112421,0.31231420031484636,29.183428762918684,0.0,0.0,0.989605555311308
228,4535431.714165213,49.648448325076636,5.972398845334829,32561.33994247668,30.440238216174524,1.4834480467701936,8.14584424208985,1.9451906322355017,0.0007022382260718264,0.999297541277881,1.437501301789902e-08,6.002504362500583e-10,0.6876846619166486,0.3123147870735129,29.183428762918744,0.0,0.0,0.9893865448317153
229,4535767.413290302,49.64650614004603,5.972650772351012,32537.781180561404,30.4931772845388,1.4842026787192968,8.148485546048361,1.9532672345241322,0.0005887873300444545,0.999410975904567,1.5694373834058948e-08,6.4888614691889e-10,0.6876841746204387,0.31231527442288576,29.18342876291887,0.0,0.0,0.9897878623624979
230,4536050.269819706,49.6446242058151,5.972882848656939,32534.19871535703,30.508043381021654,1.4844143552637108,8.151059867825213,1.961140179771484,0.0004945004809406514,0.9995052457982069,1.709365660554073e-08,7.003994637102603e-10,0.6876837486572162,0.31231570043253865,29.18342876291878,0.0,0.0,0.9893649522126137
231,4536289.5134604275,49.642873265584896,5.973099699835729,32518.869564559638,30.544437431450465,1.4849321306902679,8.153561686225949,1.9687926087854737,0.00041615315015559293,0.9995835755483908,1.856967705453851e-08,7.546931461088811e-10,0.6876833993146312,0.312316049813175,29.183428762918805,0.0,0.0,0.9897139663727331
232,4536492.753214841,49.64116270909737,5.973300638917049,32527.453231351756,30.53538204871819,1.4848033581164641,8.155990600923369,1.97622330758724,0.00035079452662110347,0.9996489159548945,2.0123853370247923e-08,8.118670075835999e-10,0.6876831079979491,0.3123163411615691,29.183428762918783,0.0,0.0,0.9889987153020604
233,4536666.135184081,49.63955752305257,5.973489885585863,32530.205406804478,30.536868050727552,1.4848244925096408,8.158344742416071,1.983426786729412,0.0002961769022111308,0.9997035147549289,2.1754953268140552e-08,8.718949400551948e-10,0.6876828665162282,0.3123165826695635,29.183428762918716,0.0,0.0,0.9889864836110615
234,4536814.593789673,49.63804563544816,5.973671913464434,32527.47986098158,30.54838703512659,1.4849882842925808,8.160619687317343,1.9903893851448673,0.00025056753693040025,0.9997491047752581,2.345740759562987e-08,9.345614130663132e-10,0.6876826648765646,0.312316784331156,29.183428762918854,0.0,0.0,0.9891368143996976
235,4536942.2759031,49.63661530337541,5.9738363765688005,32523.33178389725,30.56196612321058,1.485181289988553,8.162813976628417,1.9971063195560843,0.00021240704668139493,0.9997872454413536,2.5228290367248795e-08,9.99764244564412e-10,0.6876824958586274,0.31231695336746707,29.183428762918872,0.0,0.0,0.9892967360618528
236,4537052.6279650815,49.63525548798514,5.973994417727979,32521.00393752597,30.57190361855258,1.4853224817517183,8.164929550672708,2.0035837312372227,0.00018029251689005165,0.9998193396202635,2.7070455008595266e-08,1.0676523870849428e-09,0.68768235130713,0.31231709793467516,29.183428762918783,0.0,0.0,0.989363721343849
237,4537148.361435018,49.633957842723326,5.97413698745708,32525.267255252835,30.568906743120607,1.4852799070309581,8.16696427753551,2.0098146735379143,0.0001533098697845594,0.9998463015010639,2.897658279050743e-08,1.1378831885609067e-09,0.6876822287150952,0.31231722054002997,29.183428762918723,0.0,0.0,0.9892951179310133
238,4537231.728797652,49.6327148146632,5.974278321810566,32528.658277367904,30.56750708253069,1.4852600215050398,8.168916266590086,2.015793366466047,0.0001306132910812193,0.9998689769592226,3.094122729102824e-08,1.210229739023672e-09,0.6876821242668019,0.3123173249996676,29.183428762918783,0.0,0.0,0.9892453221313385
239,4537304.673642744,49.63157280763853,5.974405559848705,32520.645445962167,30.58705243942947,1.4855376276558598,8.170782311228194,2.0215079228062693,0.00011145954688868842,0.9998881092389168,3.2962462281213664e-08,1.2846164910142572e-09,0.6876820363772727,0.3123174128987422,29.18342876291888,0.0,0.0,0.9898533944793594
240,4537368.775603638,49.630468886196276,5.974524216919173,32523.49116495914,30.58587812294782,1.48552095364128,8.172573904854287,2.0269971900108135,9.52732328689358e-05,0.9999042737965372,3.503793781767813e-08,1.3608057245113632e-09,0.6876819620310365,0.312317487253052,29.183428762918762,0.0,0.0,0.989658637431108
241,4537425.339719753,49.62939736554782,5.9746312357132405,32533.75865690227,30.570342006153908,1.4853002974292149,8.174308255217765,2.0323120842007536,8.06460557968055e-05,0.9999188772682622,3.7273269541723014e-08,1.4438460103272206e-09,0.687681898806707,0.3123175504842456,29.183428762918883,0.0,0.0,0.9893788547611893
242,4537474.584477345,49.628417855619524,5.974733121286753,32525.98510117353,30.588543913826875,1.485558804044467,8.175949032433735,2.03734138072247,6.853935524384628e-05,0.9999309604564309,3.953026277036139e-08,1.52693907300288e-09,0.6876818459868237,0.31231760330986336,29.183428762918762,0.0,0.0,0.9898375602556684
243,4537517.216779325,49.627442674100514,5.974813465881029,32536.474876057862,30.571651322234814,1.4853188976978073,8.1774781534169,2.042029158197477,5.8588966072899435e-05,0.9999408878638087,4.176672136983716e-08,1.6087278806636635e-09,0.6876818018407796,0.31231764746069895,29.183428762918833,0.0,0.0,0.989366111214275
244,4537554.740955502,49.62654142022736,5.97490651128018,32533.25349302186,30.580981654530557,1.4854514222242114,8.178917892962616,2.0464436636014636,5.026494524107716e-05,0.9999491891423434,4.4006120223736e-08,1.6900426402972427e-09,0.6876817644769656,0.3123176848285692,29.183428762918794,0.0,0.0,0.9895096282359135
245,4537588.126509971,49.62569947494023,5.974981165175715,32529.10124115596,30.59141848487529,1.485599615130193,8.18027932853648,2.050618701301155,4.327222868772384e-05,0.9999561593686803,4.624936603036907e-08,1.7707223706714927e-09,0.6876817327642897,0.3123177165446867,29.183428762918812,0.0,0.0,0.9897054233256175
246,4537618.093072603,49.62490596658277,5.975055172338063,32523.501094663938,30.60456183994116,1.4857861661629985,8.181570474093355,2.0545765267593166,3.734970285770235e-05,0.9999620595595871,4.850316773139919e-08,1.850933002380582e-09,0.6876817058907542,0.3123177434211389,29.183428762918776,0.0,0.0,0.9898489524336088
247,4537645.203090939,49.624152205542444,5.975125603236979,32522.33897855041,30.609230952820752,1.4858524182238628,8.182799948457468,2.0583479300644685,3.229771572080119e-05,0.9999670892767597,5.077700468701864e-08,1.9308293726081434e-09,0.687681682961886,0.31231776635249436,29.183428762918698,0.0,0.0,0.9898620477201653
248,4537669.8666144805,49.62343217934842,5.975190492792943,32521.064588818015,30.613916927037597,1.4859188993774515,8.183970702727947,2.061937041312878,2.7972645174070024e-05,0.9999713921214524,5.306839530855405e-08,2.010313900626025e-09,0.6876816630207058,0.3123177862958397,29.18342876291866,0.0,0.0,0.989839321676734
249,4537692.404907729,49.6227412979521,5.9752510527746345,32523.755233873355,30.610986035574765,1.485877319238366,8.185088590317363,2.0653669552736607,2.4260129818496937e-05,0.9999750824526524,5.538373466161205e-08,2.0892161191918665e-09,0.6876816458027911,0.3123178035156215,29.183428762918844,0.0,0.0,0.9896987448093032
250,4537713.08327923,49.62210742998264,5.975319380702178,32514.14394929787,30.631495665578424,1.4861682029263563,8.186155578460932,2.0686410557755837,2.106650834821663e-05,0.9999782539325781,5.7714241021750255e-08,2.1673490514511574e-09,0.6876816309276099,0.3123178183924179,29.183428762918606,0.0,0.0,0.9899962724534265
251,4537732.123632331,49.62146540761873,5.975361013413156,32523.027240951356,30.616232112421226,1.485951741768102,8.187174217428572,2.0717670622357742,1.8318888970026135e-05,0.999980979502066,6.006284541915791e-08,2.2443765543494375e-09,0.6876816177694509,0.31231783155200366,29.183428762918712,0.0,0.0,0.9894811299763866
252,4537749.722092301,49.620872004502125,5.9754197619635265,32521.629280952973,30.620935310975966,1.4860184520118829,8.18814746058229,2.0747540199579833,1.5947966427843844e-05,0.9999833284446841,6.242870371524042e-08,2.3201870145300424e-09,0.687681606115211,0.3123178432075082,29.18342876291885,0.0,0.0,0.9895798629393692
253,4537766.046651709,49.62032155608524,5.975478778867333,32511.26417436116,30.642545262056707,1.4863248362659287,8.18907819065515,2.077610786189165,1.3892600339097373e-05,0.999985361832052,6.481715314807227e-08,2.3948114974322668e-09,0.6876815957643305,0.3123178535595119,29.18342876291888,0.0,0.0,0.9899638451280758
254,4537781.224327183,49.61978419065996,5.9755291659885375,32513.496544804966,30.640114975167673,1.48629039062725,8.189968082568539,2.0803424369725785,1.2117495698695308e-05,0.9999871150852482,6.721808948386354e-08,2.4676664803463406e-09,0.6876815865421574,0.3123178627826857,29.18342876291878,0.0,0.0,0.9896882767443117
255,4537795.376212826,49.61928314331187,5.975579698075594,32506.006721304613,30.656019825469823,1.4865157682599248,8.190819386183682,2.08295586296663,1.0575220043523885e-05,0.9999886355344754,6.96394009976243e-08,2.5388995581668248e-09,0.6876815782659943,0.3123178710597459,29.18342876291884,0.0,0.0,0.9899796059492643
256,4537808.60645498,49.61879130591233,5.9756177264375205,32506.343614932175,30.65672657113696,1.4865257803948038,8.191634101436563,2.085457199656648,9.239687339444442e-06,0.9999899493761237,7.207234447620084e-08,2.608006210112577e-09,0.6876815707479154,0.31231787857864146,29.183428762918858,0.0,0.0,0.9897434026462066
257,4537821.005659947,49.61833036251786,5.975665333447114,32503.496256226168,30.663778587040152,1.4866256703614193,8.192414372467352,2.087852935087993,8.076474454660766e-06,0.9999910909317228,7.452554926329643e-08,2.675143078183628e-09,0.6876815639962576,0.3123178853310305,29.1834287629187,0.0,0.0,0.9898063003986809
258,4537832.65287964,49.61787572494674,5.97569809398909,32507.83396992907,30.656752090096642,1.4865261419056368,8.193162024281659,2.0901486708928507,7.066544968540131e-06,0.9999920793382366,7.699099160361537e-08,2.7398752280716227e-09,0.6876815578327782,0.3123178914951791,29.183428762918737,0.0,0.0,0.9894902557458064
259,4537843.616380243,49.617447775666456,5.975740334469463,32504.262626186,30.664980401302245,1.4866426914559587,8.193877438011569,2.0923410561679927,6.185599255192043e-06,0.9999929388169573,7.947553892109942e-08,2.8023100716543134e-09,0.6876815521609145,0.312317897167658,29.18342876291869,0.0,0.0,0.989710439394773
260,4537853.9580546,49.617044098751705,5.975785126261429,32496.54038429765,30.68113827762192,1.4868714680057487,8.194564762438771,2.0944518139291963,5.418373600060487e-06,0.9999936846927513,8.199287938403122e-08,2.8621805429062793e-09,0.6876815469984077,0.3123179023307244,29.183428762918638,0.0,0.0,0.9898482759529752
261,4537863.729232639,49.616662690590104,5.975827186295941,32488.46742820553,30.697874348861816,1.4871083041247195,8.19522415329978,2.0964768768814914,4.7489886218951375e-06,0.9999943328215053,8.44916973646857e-08,2.919443453155848e-09,0.687681542284013,0.31231790704563117,29.18342876291888,0.0,0.0,0.9899866391029434
262,4537872.979963984,49.61628354289241,5.975852400576757,32491.303028976843,30.693407401935954,1.4870451039324786,8.195856823052724,2.098420099029139,4.1634697133564134e-06,0.99999489714701,8.703051454256182e-08,2.974141852869735e-09,0.6876815378858421,0.31231791144427906,29.183428762918737,0.0,0.0,0.9897131200123418
263,4537881.747591171,49.6159241955567,5.975888644130147,32488.592120581478,30.699810827564335,1.4871356993599856,8.19646470878638,2.100287086298116,3.653613414595643e-06,0.9999953859925618,8.958088440745958e-08,3.0259345503700214e-09,0.6876815337772981,0.3123179155532687,29.183428762918798,0.0,0.0,0.9897752746333496
264,4537890.074575581,49.61558290827361,5.975933855182305,32483.92316532949,30.710234968216938,1.4872831393023869,8.197048312345562,2.102080340750359,3.2050007617153133e-06,0.999995813561614,9.216543068432646e-08,3.075304891994609e-09,0.6876815299694905,0.3123179193614901,29.183428762918854,0.0,0.0,0.9898751284961446
265,4537897.9876794545,49.61524236796887,5.975955856299398,32488.591673430787,30.7021873426616,1.4871693173992735,8.197608699753728,2.103801443413094,2.829565912669072e-06,0.9999961689566036,9.46778479005777e-08,3.1199833067987857e-09,0.6876815263600086,0.312317922971363,29.18342876291861,0.0,0.0,0.9895941907947938
266,4537905.595925977,49.614929829958044,5.97600048552213,32477.779111611148,30.72421221184522,1.487480756117166,8.198152691305113,2.105472462945445,2.4818246049527194e-06,0.9999964957021984,9.733890412210813e-08,3.1643292765669495e-09,0.6876815229782028,0.3123179263535354,29.18342876291876,0.0,0.0,0.9899227111366403
267,4537912.887967849,49.61461530383595,5.976018242721248,32480.91627936769,30.718905507926753,1.4874057380412562,8.198678633844068,2.1070881590827826,2.1789521914029396e-06,0.999996777789104,1.0000990994500862e-07,3.2057351072083743e-09,0.6876815197515705,0.3123179295805177,29.18342876291881,0.0,0.0,0.989575143041815
268,4537919.806541134,49.614330450882925,5.976063126772461,32468.65767759564,30.743694475303734,1.4877560555459037,8.199182160422572,2.108635984050764,1.914365644635106e-06,0.999997021776955,1.0270416389827632e-07,3.244343052221821e-09,0.6876815167812547,0.3123179325511559,29.18342876291873,0.0,0.0,0.9898916331148008
269,4537926.408546149,49.6140450407883,5.97608009594356,32468.968055896315,30.743707324044752,1.4877562370509654,8.199665255942618,2.110119894457919,1.6982328132974e-06,0.9999972187461855,1.0527167123927129e-07,3.27804987742234e-09,0.6876815139645799,0.3123179353681355,29.183428762918723,0.0,0.0,0.9898724315817778
270,4537932.831131916,49.61376738713505,5.976110563635399,32471.29856314969,30.74037271894049,1.4877091289021074,8.200138380121528,2.111573326692933,1.4893817068310867e-06,0.9999974068198777,1.0810871403081319e-07,3.3123824026393816e-09,0.6876815112183892,0.3123179381146244,29.183428762918734,0.0,0.0,0.989744889571099
271,4537939.028063367,49.61349948870303,5.976145220379726,32468.277097316302,30.74732111788406,1.4878072835455425,8.200597818596517,2.1129848252800816,1.3058362726217272e-06,0.9999975696253584,1.1098282313323102e-07,3.34431366830954e-09,0.6876815085796402,0.3123179407536605,29.183428762918624,0.0,0.0,0.989618072524556
272,4537944.881392616,49.613246444476154,5.9761673590325595,32460.716240531594,30.762430385205345,1.4880206439118215,8.201034069659896,2.114325166191125,1.149473413852609e-06,0.9999977059724812,1.1382628110781233e-07,3.372994093071984e-09,0.6876815061182755,0.31231794321529244,29.183428762918567,0.0,0.0,0.9898150481710817
273,4537950.479398473,49.61300443808906,5.976193571190775,32453.336448834303,30.77735132599651,1.488231242071165,8.201453360714806,2.115613437462717,1.0119992396341629e-06,0.9999978235791152,1.167241080275471e-07,3.3994611795619277e-09,0.6876815038083731,0.31231794552544456,29.183428762918716,0.0,0.0,0.9899382984980123
274,4537955.859445149,49.61276022506457,5.9762025315281635,32457.038663139145,30.77064791255756,1.4881366409301375,8.201858106258895,2.116857057104367,8.911887647880312e-07,0.9999979246627129,1.1968063839986044e-07,3.423819669451278e-09,0.6876815015410742,0.3123179477929893,29.183428762918503,0.0,0.0,0.9896073535571873
275,4537962.315501161,49.612523116418984,5.976324012161169,32459.597523877026,30.770099866919306,1.4881289057886218,8.202346295002139,2.1183570452894656,7.619405829427697e-07,0.9999980293908599,1.2347061393954904e-07,3.4513321102129382e-09,0.6876814988773633,0.3123179504569887,29.183428762918766,0.0,0.0,0.9899331155190128
276,4537970.0627683755,49.61227156570135,5.9764209374574815,32474.572457655646,30.745159143829458,1.4877767453919888,8.202935502478747,2.120167975108138,6.270898797981712e-07,0.999998133445055,1.2843998959059522e-07,3.481907184213299e-09,0.6876814956541867,0.31231795368051485,29.183428762918822,0.0,0.0,0.9897502476049926
277,4537979.359489031,49.6120122397797,5.976524266220751,32492.019070971895,30.715804521933926,1.487361895037663,8.203645473270626,2.1223492703790585,5.036032917924083e-07,0.9999982206039635,1.3464192598105364e-07,3.5125180850328716e-09,0.6876814917645646,0.3123179575705599,29.183428762918705,0.0,0.0,0.98991020541995
278,4537990.51555382,49.61173711855193,5.976628272919515,32516.28437968389,30.673650938147123,1.486765471056668,8.20450224520047,2.1249816217279163,3.7024606464978305e-07,0.9999983038973353,1.4392819533747284e-07,3.5476153974711066e-09,0.6876814870512014,0.3123179622844351,29.183428762918766,0.0,0.0,0.98996840884126
279,4538003.902831566,49.61143698630343,5.976735224405496,32547.624249075958,30.618378393015586,1.4859821859176259,8.205535387807888,2.1281559159075427,2.5039907868615795e-07,0.9999983591902554,1.5743728212657002e-07,3.5818890878265732e-09,0.6876814813905876,0.31231796794566147,29.183428762918687,0.0,0.0,0.9899530169723857
280,4538016.557045797,49.6111249190089,5.976774903713207,32573.955912597852,30.57029321191546,1.485299604238232,8.206515649119162,2.1311677129458713,1.667804840805577e-07,0.9999983776520549,1.7357059060367658e-07,3.6073116784663402e-09,0.6876814759227282,0.31231797341411427,29.183428762918762,0.0,0.0,0.9899301885816083
281,4538029.202709974,49.6107974697464,5.976827494369985,32598.359599353047,30.526387693157837,1.4846754155745792,8.207497227100731,2.1341836961446163,1.0660054130159562e-07,0.9999983679849198,1.946532830508073e-07,3.6263697038662104e-09,0.6876814702439537,0.3123179790935039,29.183428762918762,0.0,0.0,0.9898963835291505
282,4538041.6884579975,49.61045799596544,5.976877765000516,32622.352475404765,30.483265711172027,1.484061491682251,8.208468080080978,2.1371666366571214,6.533109977090976e-08,0.9999983358538893,2.2232925236933029e-07,3.639650613594616e-09,0.6876814645200605,0.31231798481801865,29.183428762918776,0.0,0.0,0.9897876088538161
283,4538054.0589669645,49.610104838380025,5.97692599126927,32645.400404127464,30.441928185166702,1.483472157088583,8.209430802508429,2.1401250749922465,3.807244354307515e-08,0.9999982861565616,2.588641018938716e-07,3.6483278359429387e-09,0.6876814586864592,0.3123179906522531,29.183428762918744,0.0,0.0,0.9896591346139351
284,4538066.313955691,49.60975497870656,5.976984664810352,32658.10461875642,30.42030341117469,1.483163541378445,8.210384025890304,2.143053677556536,2.179148612593142e-08,0.9999982252400706,3.0403827033073983e-07,3.6533281995368976e-09,0.6876814527279113,0.31231799661144605,29.183428762918766,0.0,0.0,0.9899707255427863
285,4538078.463451964,49.60939078826634,5.977036634293905,32677.76502474481,30.38552796544118,1.4826667868569632,8.21132855735109,2.145955602067587,1.1148200602454473e-08,0.999998150783919,3.638182586272927e-07,3.65642961104119e-09,0.6876814465834763,0.31231800275654786,29.18342876291859,0.0,0.0,0.9898231800761806
286,4538090.5148765035,49.60902953760134,5.977093301407091,32688.98196337352,30.366659555347134,1.4823970205494763,8.212258535123736,2.148900187772104,5.289707434625952e-09,0.9999980677462939,4.359652256718681e-07,3.658043862956217e-09,0.6876814402631437,0.3123180090775664,29.183428762918687,0.0,0.0,0.9899288799121373
287,4538102.47459302,49.60865311087209,5.977143060145602,32709.841267270458,30.32967926731931,1.4818678177234597,8.213191134328536,2.1517750710958605,2.4786873295464173e-09,0.9999979822168628,5.148252508641221e-07,3.6587974637099424e-09,0.6876814337205912,0.3123180156208288,29.183428762918737,0.0,0.0,0.9896182261823195
288,4538114.348240752,49.60827939311935,5.97720869997211,32721.470893190854,30.31041448381378,1.4815918752261634,8.214117673958457,2.15462571431221,9.92860026206858e-10,0.9999978841045591,6.08890543718607e-07,3.6592401337426476e-09,0.6876814270489958,0.31231802229314753,29.183428762918837,0.0,0.0,0.9898450510292003
289,4538126.141303618,49.60790821173921,5.977264978969029,32729.5470874191,30.297420824287094,1.4814056592133347,8.215035199650632,2.157483474083398,3.736465956573676e-10,0.9999977817576596,7.092784682813971e-07,3.659504713224866e-09,0.6876814202816215,0.31231802906125455,29.18342876291884,0.0,0.0,0.9899409505177679
290,4538137.859525784,49.60752094464653,5.977309001724226,32750.672905429212,30.25988035944749,1.480867206590853,8.215943274226156,2.16025104458447,1.3526014791746329e-10,0.9999976751557905,8.149857907966232e-07,3.6597148253919983e-09,0.6876814134156758,0.3123180359279457,29.183428762918656,0.0,0.0,0.9894662775680096
291,4538149.510637859,49.60715339766423,5.977375706741544,32755.866775979375,30.2526081416617,1.4807628220530824,8.216843098649136,2.1629942611212294,1.025983820203338e-11,0.99999707057828,1.4184982706533205e-06,3.661246383960014e-09,0.6876814064265615,0.31231804291781756,29.183428762918577,0.0,0.0,0.9899614199560707
292,4538161.101864691,49.606769456935055,5.977421999010819,32770.91788868581,30.226436433050633,1.4803869487428742,8.217736567968059,2.1657316354880445,1.5451289156672076e-13,0.999996429768919,2.058657969652088e-06,3.6635308231627553e-09,0.6876813991122822,0.3123180502328903,29.183428762918584,0.0,0.0,0.9896625021186645
293,4538172.63840053,49.60638732775692,5.977475820312124,32786.16853472202,30.200194293527794,1.4800097370079968,8.218622889569826,2.168440625994704,1.077984783236477e-11,0.9999973048641053,1.1844036149477772e-06,3.6607522945988354e-09,0.6876813915972101,0.3123180577487773,29.183428762918673,0.0,0.0,0.9896035552127945
294,4538184.1254522065,49.60600683766211,5.977531617081132,32798.744382817604,30.178978320823227,1.4797045330824028,8.219504820669655,2.17113883069234,2.6436096423832737e-12,0.9999971688169317,1.3202885063261112e-06,3.661071897503857e-09,0.6876813838939781,0.31231806545284346,29.183428762918677,0.0,0.0,0.9895508628168385
295,4538195.567500769,49.60562783822297,5.97758711674488,32806.22264030685,30.167148656442496,1.4795342633969575,8.22038074700784,2.173818049930268,5.980476890816498e-13,0.9999970231672866,1.4657908480086605e-06,3.661445690511422e-09,0.6876813759343953,0.3123180734132901,29.183428762918783,0.0,0.0,0.9896838793824462
296,4538206.968669502,49.605250192862364,5.977645595665772,32816.165942198146,30.15090000892144,1.479300280425571,8.221249859493252,2.176478864042787,6.27110849349355e-14,0.9999966971756264,1.7914681267488323e-06,3.6624455597348956e-09,0.6876813678651869,0.31231808148337364,29.183428762918687,0.0,0.0,0.9896924938965308
297,4538218.333977143,49.60487373534272,5.977703387691,32825.800445618734,30.13520878264377,1.4790742046918017,8.222114080439052,2.1791248564973467,1.1386815418316116e-14,0.9999964331062418,2.0552828066766562e-06,3.6633749002777774e-09,0.687681359651515,0.3123180896979369,29.183428762918606,0.0,0.0,0.9897692820334119
298,4538229.66771994,49.60449832335772,5.977760516736004,32834.09684863639,30.12196291544478,1.4788832695063925,8.222974528997918,2.1817593434090967,1.5611135365990185e-15,0.9999961304485604,2.3576472392796577e-06,3.6645621544175753e-09,0.6876813513483835,0.3123180980019673,29.183428762918616,0.0,0.0,0.9897638209055258
299,4538240.973205676,49.60412384734236,5.9778208838153,32844.02778898531,30.10584220061695,1.4786507809523846,8.223831283791116,2.184382549409268,1.2546729573440933e-16,0.9999957965322542,2.691238285872969e-06,3.6660205451288966e-09,0.6876813428112474,0.3123181065400302,29.183428762918595,0.0,0.0,0.9897779007185653
300,4538252.253502772,49.603750205660134,5.97787595773837,32853.237468930165,30.09087343716242,1.4784347940356786,8.224684727456928,2.186995634338138,5.952819607093997e-17,0.9999954536487382,3.033785759677205e-06,3.6676881221537824e-09,0.6876813340980462,0.31231811525417474,29.183428762918826,0.0,0.0,0.9898398025678032
301,4538263.511529438,49.603377301650085,5.9779323219450236,32864.902196938776,30.071468267033918,1.4781546334448261,8.225536477079851,2.189603695696257,3.879674920354716e-18,0.9999950813135088,3.4057541190024706e-06,3.6696734484492333e-09,0.6876813251188119,0.3123181242343828,29.183428762918638,0.0,0.0,0.9898232329575662
302,4538274.749479949,49.60300506263036,5.9779899195455215,32873.58283175632,30.057582056126787,1.477954041390027,8.226385331379424,2.1922102020968643,1.0574864595622427e-14,0.9999956846951202,2.802954651919807e-06,3.6671373128084366e-09,0.6876813158717536,0.31231813348244436,29.183428762918595,0.0,0.0,0.9898251727100593
303,4538285.969481418,49.60263341814376,5.978043993770629,32882.19783369517,30.04370451130773,1.4777534819148939,8.227230322810767,2.1947993807246027,8.279074747784565e-16,0.9999953358823082,3.151419795292663e-06,3.668801461377151e-09,0.6876813062679366,0.31231814308730144,29.18342876291872,0.0,0.0,0.9899169280917317
304,4538297.174491081,49.602262270236544,5.97810101383697,32893.398061738735,30.025219178508582,1.4774861863553566,8.228072411270112,2.1973797166847957,5.4749232564911116e-17,0.9999949584170735,3.5285068002877132e-06,3.670780321105565e-09,0.6876812965221034,0.3123181528341925,29.183428762918737,0.0,0.0,0.9898941359071676
305,4538308.367303559,49.60189152634153,5.97815892008297,32903.5282011378,30.008734584969766,1.4772476823841385,8.228912066989794,2.199952696816723,3.2463550527830105e-18,0.9999945588039143,3.927717343532414e-06,3.6730724585421817e-09,0.6876812865419072,0.3123181628154698,29.183428762918677,0.0,0.0,0.9899536245379746
306,4538319.550159981,49.601521112224816,5.978218962543604,32911.438830914114,29.996383925009702,1.4770689035173532,8.229754601847299,2.2025498985756555,1.0745485160450092e-18,0.999994158213893,4.32790141863384e-06,3.675573489080718e-09,0.6876812764280695,0.312318172930404,29.183428762918545,0.0,0.0,0.9899410485105268
307,4538330.723244259,49.60115102179459,5.9782730785781855,32922.61594322677,29.977887714424675,1.47680102856937,8.23059004110581,2.2051100167905933,1.1766721357012096e-16,0.9999943305789788,4.155705424520929e-06,3.67472827884001e-09,0.6876812661950715,0.312318183164511,29.183428762918677,0.0,0.0,0.9898527711131603
308,4538341.889010929,49.60078117374841,5.978329363357723,32933.1132543128,29.96072147220548,1.4765522672258617,8.231423566010394,2.2076642041578234,5.944848657486109e-18,0.999993867207726,4.618602129270505e-06,3.677696825113802e-09,0.6876812559453687,0.31231819341532496,29.18342876291859,0.0,0.0,0.9898429181050077
309,4538353.051164504,49.60041144538012,5.978382162513129,32942.71764353513,29.94507425563046,1.4763253943536245,8.23225535666025,2.210213155955917,2.794541164054408e-19,0.9999933812794624,5.1040301453154835e-06,3.681080806428989e-09,0.6876812456258378,0.3123182037359748,29.183428762918673,0.0,0.0,0.9898739097652455
310,4538364.211067074,49.600041791572814,5.978436832614865,32954.76242234766,29.925072209265128,1.4760352070332536,8.233085899497281,2.212758390203885,1.813318324252896e-20,0.9999928721969054,5.612585850744711e-06,3.6849171339244244e-09,0.6876812353091157,0.31231821405381416,29.183428762918638,0.0,0.0,0.9897560041877004
311,4538375.370409367,49.59967215632375,5.978495781706196,32964.8001203663,29.908880543260597,1.4758001581672922,8.233920284752756,2.215330941498508,1.3856349954322176e-20,0.9999923715969267,6.112664775359783e-06,3.6889873750212086e-09,0.687681225011923,0.3123182243521232,29.1834287629186,0.0,0.0,0.9897285216042242
312,4538386.528708083,49.599302555641486,5.978550389141585,32976.89600991263,29.88882250291684,1.4755088059540116,8.234747523433803,2.21786598721269,2.6411114621059416e-18,0.9999925227618642,5.961650438897483e-06,3.6880789807330536e-09,0.6876812146693554,0.3123182346958131,29.183428762918773,0.0,0.0,0.9895495600194598
313,4538399.9186665425,49.59893261895861,5.978673868153055,32987.913787311365,29.873106913289668,1.4752803931808989,8.23573799165213,2.2209012107116477,7.483028266102244e-20,0.9999917944024355,6.689243540121452e-06,3.694274145973111e-09,0.6876812016841561,0.3123182476824196,29.183428762918638,0.0,0.0,0.9899247687127661
314,4538415.986616693,49.59852905166819,5.978791024029397,33016.92720513427,29.824650868245197,1.4745753684569798,8.236925047722956,2.2245436554514697,0.0,0.9999908726780656,7.609991207825444e-06,3.7029964586361273e-09,0.6876811852716032,0.3123182640967502,29.183428762918684,0.0,0.0,0.989763704628767
315,4538431.095383072,49.59813060170761,5.978847387312187,33034.34561566966,29.795140529342998,1.4741454381237618,8.238041559233935,2.227979921919183,6.183570584157689e-21,0.9999905861126062,7.896246470881589e-06,3.7059800392634273e-09,0.6876811696232054,0.3123182797468442,29.183428762918656,0.0,0.0,0.9899616980852907
316,4538446.137564821,49.597714073024655,5.978906413954794,33055.11611601417,29.759730478227038,1.473628993663196,8.239145197706993,2.2313618791985164,3.0695667708357404e-19,0.9999899038377402,8.577787787110813e-06,3.7130008194244285e-09,0.6876811538165947,0.31231829555516905,29.183428762918673,0.0,0.0,0.989825534300432
317,4538460.942247154,49.59728362326119,5.9789614743608865,33077.57833916496,29.721209890592938,1.4730664847020334,8.240229203792286,2.234686210987262,1.5218158660858464e-21,0.9999888364370655,9.64403518659738e-06,3.724979709737194e-09,0.6876811380392763,0.3123183113341968,29.183428762918556,0.0,0.0,0.9895990873670566
318,4538475.572364481,49.59685824901803,5.979027519288559,33093.71539715661,29.694489618466964,1.472675865131197,8.241298667364198,2.237969135399146,9.066061134975727e-22,0.9999882437444844,1.0236081595578728e-05,3.7320136599302405e-09,0.687681122536676,0.31231832683847655,29.18342876291861,0.0,0.0,0.9897289085997035
319,4538490.032838724,49.596416785097595,5.979081250527213,33114.354228513075,29.659321095893745,1.472161205772553,8.24235591484658,2.241223385783545,2.0834154627422056e-23,0.9999873371554234,1.1141679199694498e-05,3.743297009251301e-09,0.6876811069390062,0.3123183424378378,29.183428762918666,0.0,0.0,0.9895038914652127
320,4538504.338783438,49.59598003881025,5.979149154273007,33126.48908670227,29.63991260877645,1.4718769188220642,8.243394162751107,2.2444049624257763,7.965073616078546e-22,0.9999864276761117,1.2050157724451475e-05,3.755351115220913e-09,0.6876810914392392,0.31231835793928386,29.183428762918716,0.0,0.0,0.9895180861414747
321,4538518.504367853,49.595547577583474,5.979212763359039,33136.04596383229,29.624987420298616,1.4716581746031034,8.244419805081728,2.247549237632584,1.0203458847775692e-23,0.9999850982267526,1.3378137161719516e-05,3.774441685228617e-09,0.687681076063373,0.31231837331681545,29.183428762918716,0.0,0.0,0.9898382489344735
322,4538532.543656764,49.59511897203302,5.979279980897671,33144.081583922445,29.612915863285714,1.4714811727046346,8.245434736963368,2.250664407908152,1.2653285118435324e-24,0.9999842837198034,1.4191736810134276e-05,3.786784056966453e-09,0.6876810607295316,0.31231838865231787,29.18342876291873,0.0,0.0,0.9898759646731247
323,4538546.466450228,49.594672670519905,5.979328899327323,33165.203431848306,29.5768745587258,1.4709522794102379,8.246441364864861,2.2537629914011914,0.0,0.9999831653643625,1.5308842266915796e-05,3.804513086472283e-09,0.6876810451530005,0.3123184042305375,29.183428762918627,0.0,0.0,0.9894980896369204
324,4538560.281320473,49.594249957716066,5.979402225797103,33167.637690200165,29.575029897135657,1.4709251923246331,8.247432679421163,2.2568006824622056,1.7277038673700788e-20,0.9999821039125718,1.6369099424230695e-05,3.822473687126681e-09,0.6876810294460761,0.3123184199391642,29.183428762918652,0.0,0.0,0.9899066818344032
325,4538573.998964412,49.59380923298902,5.979454704227242,33182.79712900736,29.549798869029527,1.4705545291980562,8.248414203348418,2.259808559344595,0.0,0.9999804533309493,1.8017819177125036e-05,3.852079723528626e-09,0.6876810136408156,0.31231843574613727,29.183428762918627,0.0,0.0,0.9895595255346945
326,4538587.629940963,49.59339119911374,5.979527495790464,33185.027861547576,29.54830243885256,1.4705325355517573,8.249387878875279,2.2627958878694443,0.0,0.9999788042663147,1.9665015527527312e-05,3.883849012369048e-09,0.687680997709274,0.31231845167940486,29.183428762918652,0.0,0.0,0.989928938034794
327,4538601.181267386,49.592954828384734,5.979582093363287,33203.568416911774,29.517167997779136,1.4700746870962145,8.250352811064266,2.265757255123028,0.0,0.9999779691713929,2.0499154918206957e-05,3.900971643607092e-09,0.6876809817719545,0.3123184676184505,29.183428762918645,0.0,0.0,0.9895902030192328
328,4538614.660164313,49.5925405190001,5.97965237922706,33205.33130360753,29.516422280429985,1.470063715006315,8.251309581750633,2.2686933602022115,1.88755155011736e-23,0.9999764238186033,2.2042741408591008e-05,3.933120066401542e-09,0.6876809659064144,0.3123184834857098,29.18342876291859,0.0,0.0,0.9899367373163783
329,4538628.073795383,49.592107600570095,5.979703773220539,33225.92039310574,29.48159712153079,1.4695510070798044,8.252259095832422,2.271607211529647,0.0,0.9999747831230924,2.3681554403351517e-05,3.9691514868653e-09,0.6876809500095005,0.3123184993843456,29.183428762918584,0.0,0.0,0.9894840151623505
330,4538641.428586122,49.59169617297352,5.97977661801702,33227.672270058596,29.480960798353713,1.4695416332787254,8.253201326667783,2.2744986304199095,0.0,0.9999730438374411,2.5418837127839212e-05,4.009451483095636e-09,0.6876809340991547,0.3123185152964154,29.183428762918343,0.0,0.0,0.9897791898698229
331,4538654.7306309305,49.59128637034673,5.9798355870489015,33233.02536644471,29.473465021205513,1.4694311962886157,8.254139737186303,2.277386583114894,1.6108730476716206e-24,0.9999711997897683,2.726075396298687e-05,4.054500064304074e-09,0.687680917910453,0.31231853148686983,29.18342876291849,0.0,0.0,0.989995691767539
332,4538667.9845226435,49.59085763523844,5.979884594710538,33251.30423234952,29.44273086969362,1.4689780891788808,8.255067093136756,2.2802278446045223,0.0,0.9999694411277488,2.901737428386491e-05,4.100181729406021e-09,0.6876809011367923,0.31231854826234795,29.1834287629184,0.0,0.0,0.9894780364968654
333,4538681.196752084,49.59044967451679,5.979953107480431,33258.787517982426,29.431804465310382,1.468816889530912,8.255988358919113,2.2830505812028075,0.0,0.9999669106840652,3.154487684915106e-05,4.1693655123038805e-09,0.6876808843500024,0.3123185650509554,29.18342876291859,0.0,0.0,0.9897204679269482
334,4538694.3742238,49.59004278702708,5.980014429315412,33264.45367416956,29.423855920685984,1.4686995852965228,8.256905205237523,2.285863004040083,0.0,0.9999643296434071,3.412291066814912e-05,4.244547527465618e-09,0.6876808673473586,0.31231858205544183,29.183428762918464,0.0,0.0,0.9897967849107044
335,4538707.5208506305,49.58963685195055,5.980075756134678,33271.58271441809,29.413324739328033,1.468544117820032,8.257816478652183,2.2886587094640283,0.0,0.9999627456058616,3.5705092966171746e-05,4.293335218458671e-09,0.6876808499980158,0.3123185994066623,29.183428762918492,0.0,0.0,0.9897934562763604
336,4538720.640984576,49.58923173490826,5.980135023519267,33282.845342831606,29.395427377568456,1.4682797787407968,8.258725428585246,2.291455230689379,0.0,0.9999603875839234,3.806035218669026e-05,4.367701520766035e-09,0.6876808327025219,0.31231861670403094,29.18342876291851,0.0,0.0,0.9896462996894156
337,4538733.737957428,49.588827333022884,5.980193517559574,33293.56610340809,29.37847775043867,1.4680292890133977,8.259624898267464,2.294210533920731,0.0,0.9999579568627893,4.048821924768249e-05,4.4481426142744245e-09,0.6876808156650508,0.3123186337433464,29.183428762918478,0.0,0.0,0.989603606841932
338,4538746.816975925,49.588423485523215,5.980247752269312,33303.1960038194,29.363323526074858,1.4678052102135748,8.260519879723752,2.296952123214186,0.0,0.9999546453558719,4.3795835527636515e-05,4.564154539863408e-09,0.6876807988873204,0.3123186505228935,29.18342876291852,0.0,0.0,0.9895652075056726
339,4538759.883650345,49.58802001917793,5.980303708239036,33315.46908471477,29.343583512265067,1.4675131498811245,8.261411469569849,2.2996863656954227,0.0,0.9999512666938969,4.7170525063839044e-05,4.689810337927558e-09,0.6876807823561623,0.31231866705584316,29.183428762918613,0.0,0.0,0.9895154575954935
340,4538772.9409185285,49.58761684327376,5.980360461066966,33325.659190213555,29.32755744557847,1.4672758941404629,8.262298821540053,2.3024078582463594,0.0,0.9999490271402319,4.940743794745311e-05,4.7776327217478185e-09,0.6876807656209085,0.3123186837929081,29.183428762918666,0.0,0.0,0.989500805484679
341,4538785.992219002,49.58723216943924,5.98043314769669,33322.92977111198,29.33481671315313,1.4673833790457924,8.263184606690933,2.3051322346573717,0.0,0.9999458848526307,5.25460206563358e-05,4.9042048135143e-09,0.6876807485114561,0.3123187009042131,29.183428762918656,0.0,0.0,0.989921715757044
342,4538799.040105549,49.586847596226754,5.980496932171441,33327.174129472325,29.3294990805191,1.4673046457141297,8.264061827682129,2.307818594167651,0.0,0.9999426472020879,5.5779851801493194e-05,5.040859031284207e-09,0.6876807311511421,0.3123187182664084,29.18342876291851,0.0,0.0,0.9899102183261845
343,4538814.697569405,49.586439599009516,5.980613455051415,33350.345909986754,29.292686443969835,1.4667592028284333,8.265108940481566,2.3110258305602422,0.0,0.9999373985566028,6.102231390853202e-05,5.277553900074452e-09,0.6876807096111072,0.312318739808775,29.18342876291857,0.0,0.0,0.9897655791349843
344,4538833.486526032,49.58601899096919,5.9807304666097885,33373.12298739215,29.25665674178205,1.4662246963090249,8.266357919061047,2.3148549441319393,8.6381127480095e-25,0.9999321662991126,6.624841001789909e-05,5.530327849638767e-09,0.6876806839691044,0.3123187654535545,29.18342876291852,0.0,0.0,0.9899193626155071
345,4538851.160157245,49.58558378646629,5.980777713392478,33394.8488678417,29.220191164254558,1.4656830528477411,8.267524062371397,2.3184305123453353,0.0,0.9999264811813938,7.192684377068216e-05,5.821335878169865e-09,0.6876806600152696,0.31231878940998314,29.183428762918673,0.0,0.0,0.9897250112421899
346,4538868.768449389,49.585150190905914,5.980858178159874,33411.51652147232,29.193749233493538,1.4652898732290907,8.26867790835727,2.3219678922058895,0.0,0.9999201563527343,7.824425567561325e-05,6.165716408171013e-09,0.6876806360889779,0.31231881333886485,29.183428762918666,0.0,0.0,0.9897778285439319
347,4538886.11305367,49.58470173341107,5.980914868996516,33433.574467854676,29.157143493084845,1.464744974174144,8.26980767334768,2.325437253877087,0.0,0.9999134549193159,8.493785805291072e-05,6.554430774356645e-09,0.6876806118838806,0.31231883754658374,29.18342876291851,0.0,0.0,0.9894781469500364
348,4538903.267662533,49.58425818838747,5.980979141947918,33444.814709000406,29.139704502939168,1.4644851434053636,8.270912115198474,2.32881761408464,1.474162355153483e-24,0.9999068894576839,9.149567925157108e-05,6.96145462135304e-09,0.6876805880912572,0.31231886134178244,29.18342876291857,0.0,0.0,0.9895598151927072
349,4538920.244400498,49.58381924234665,5.98104857293193,33453.52691967102,29.126857105082266,1.4642936251852212,8.271997573711323,2.332142122371888,0.0,0.9998983331087388,0.00010004213002337464,7.525296441075385e-09,0.6876805648959446,0.3123188845396051,29.183428762918535,0.0,0.0,0.9896826156336176
350,4538937.067091999,49.58338427929043,5.981114556089836,33462.04504272753,29.114241489824785,1.4641054799644062,8.273064569572607,2.335411638375074,0.0,0.9998910818631651,0.00010728503451340024,8.03204502701364e-09,0.6876805420965043,0.31231890734151435,29.183428762918627,0.0,0.0,0.9897698287358927
351,4538953.752278638,49.582952871523524,5.981176961731341,33469.44077976222,29.10346709878189,1.4639447296105135,8.274113261353547,2.3386250872408776,0.0,0.999882831152967,0.0001155263136676815,8.64008361625978e-09,0.6876805192479095,0.31231893019258256,29.1834287629186,0.0,0.0,0.9898585178694912
352,4538970.317323022,49.58252457012295,5.981240998707066,33474.066096953225,29.097569992838647,1.4638567215368743,8.275146720897771,2.3417964548583794,0.0,0.9998738215855238,0.0001245256613255705,9.342281771109649e-09,0.6876804960617245,0.31231895338127674,29.18342876291864,0.0,0.0,0.9899828109303411
353,4538986.7772776475,49.58209898589533,5.981302140994861,33482.87904130387,29.084301861608807,1.4636586434725387,8.276160566408107,2.344899070786474,0.0,0.9998649180493592,0.00013341918875829745,1.0078895761773159e-08,0.6876804730137042,0.31231897643179196,29.1834287629185,0.0,0.0,0.9899328850038146
354,4539003.147990513,49.58165454523822,5.981351753055472,33504.61853550949,29.04823049809239,1.4631196820509542,8.277159468795118,2.347957723809246,0.0,0.9998539425971473,0.00014438242639418244,1.1039320842684199e-08,0.6876804498196535,0.3123189996283531,29.18342876291863,0.0,0.0,0.9895065322792379
355,4539019.444615528,49.58123222637859,5.981425916730956,33507.423637239706,29.045847055558692,1.4630840462001244,8.278145465861773,2.3509824070984493,1.1265108778813727e-24,0.9998440725919479,0.00015424156313400533,1.1951560852611065e-08,0.6876804268073006,0.3123190226431968,29.183428762918773,0.0,0.0,0.9898213320816845
356,4539035.678773386,49.580811526324005,5.9814839991006545,33511.41734773758,29.040866304367263,1.463009567454871,8.279113193291053,2.3539409933175475,0.0,0.9998332055038501,0.00016509681501429902,1.3008204872666057e-08,0.6876804037174037,0.3123190457355923,29.183428762918606,0.0,0.0,0.9899439630349584
357,4539051.864363922,49.58039208486723,5.981545405663641,33519.93525140662,29.02816089458655,1.46281952158318,8.280068767644003,2.356866307946669,4.704614529580071e-25,0.999820048031079,0.00017824015786357958,1.436591051671674e-08,0.687680380540928,0.3123190689145756,29.183428762918524,0.0,0.0,0.9896788007124306
358,4539068.014224168,49.57997356934297,5.981606068559581,33531.28232786911,29.01054384985903,1.4625558704358543,8.281010931662712,2.3597504517453105,0.0,0.9998084425433916,0.0001898333536860391,1.5628596952226006e-08,0.687680356903783,0.31231909255427853,29.183428762918577,0.0,0.0,0.9896981579130903
359,4539084.138824729,49.57955570841074,5.981662583237458,33542.661714836606,28.992749817085716,1.4622894079645659,8.281940037678151,2.362594528987679,5.822728557491625e-25,0.9997955414576196,0.00020272096382391031,1.7102464132441654e-08,0.6876803332513999,0.31231911620922226,29.18342876291875,0.0,0.0,0.9895354918820037
360,4539100.249528517,49.57915718491573,5.981729268538396,33541.64003577676,28.996742202359503,1.462349207450176,8.28285768564654,2.365406989160846,0.0,0.999781490888183,0.00021675708367045328,1.8791177893922623e-08,0.687680309673331,0.3123191397898418,29.1834287629185,0.0,0.0,0.9898146787173324
361,4539116.356483014,49.5787587541653,5.981787253659505,33544.29022842434,28.99409608172762,1.4623095737554863,8.283759156631236,2.368160944265131,0.0,0.9997690376383719,0.00022919793680832785,2.046613460224136e-08,0.6876802862633685,0.31231916320233777,29.18342876291866,0.0,0.0,0.9899030029617985
362,4539135.684828411,49.578348008282575,5.981899832371863,33557.56306115317,28.974920102497776,1.4620222470828406,8.284824850052038,2.3714209873645413,0.0,0.9997496798968392,0.0002485364779414413,2.3055155831954378e-08,0.6876802583549199,0.31231919111380446,29.18342876291859,0.0,0.0,0.9899606997249931
363,4539158.878842887,49.577912244241546,5.982015294575887,33585.66328881739,28.93030077337464,1.4613529488065686,8.2860761060377,2.3752474970117676,0.0,0.9997252362642028,0.0002729565566129495,2.658124356842902e-08,0.6876802254933018,0.31231922397897893,29.183428762918677,0.0,0.0,0.9897127578645628
364,4539180.740818458,49.577480969355044,5.982073819512505,33597.64871405005,28.91161158760246,1.4610723007365698,8.28722947322258,2.378773307639963,0.0,0.9997009403363003,0.00029722973787201786,3.0336166237100365e-08,0.6876801940172838,0.31231925545840145,29.183428762918606,0.0,0.0,0.9897381680377304
365,4539202.578091529,49.577028642400094,5.982136005839944,33619.32292377313,28.876412583548625,1.4605432383455696,8.288355386789139,2.3822149436992057,0.0,0.9996744212192594,0.00032372475898281524,3.471795705621702e-08,0.6876801615190482,0.312319287960153,29.183428762918677,0.0,0.0,0.9895455687472465
366,4539224.157045675,49.576581666141315,5.9822035054364076,33630.08431062223,28.860177737389424,1.4602990013981463,8.289441228129595,2.385533060959648,0.0,0.9996463778978064,0.00035174340047237484,3.967230476128961e-08,0.6876801293942353,0.3123193200884415,29.18342876291867,0.0,0.0,0.9895748172915535
367,4539245.582481305,49.576137869792525,5.982266038379846,33638.925140996005,28.847086661773208,1.4601019592385838,8.290492987674483,2.3887472200057736,0.0,0.9996169901729476,0.000381106148421993,4.5237015932297704e-08,0.6876800977844822,0.312319351701614,29.18342876291845,0.0,0.0,0.9897147500481426
368,4539266.877877458,49.57569676702001,5.982331275764191,33644.83858699794,28.83911312198136,1.4599819005636192,8.291509614317878,2.3918503324953466,0.0,0.9995897272314319,0.00040834725730382347,5.100264423188074e-08,0.687680066725196,0.31231938276425986,29.183428762918645,0.0,0.0,0.9897599756794806
369,4539288.082623496,49.57525754193115,5.982396343329229,33648.253200394036,28.835420284413615,1.4599262857580644,8.292494845636043,2.394858496658159,0.0,0.9995566030715909,0.00044144487966137123,5.8028310083521354e-08,0.6876800356786156,0.3123194138141972,29.183428762918645,0.0,0.0,0.9897049452924571
370,4539309.229807046,49.57481950916443,5.982466421802484,33657.4640466022,28.821965280069843,1.4597235906760953,8.293448928317053,2.3977701227228136,7.098815651135651e-26,0.9995226624163299,0.0004753593697040358,6.573505800007913e-08,0.6876800047626284,0.3123194447335287,29.18342876291869,0.0,0.0,0.9896528865993705
371,4539330.351142488,49.574382011803216,5.982526483664524,33666.91905028892,28.807770808719297,1.4595096531804859,8.294373385813467,2.4005911084159224,0.0,0.9994882884921648,0.0005097079706606714,7.416538187350448e-08,0.6876799730694477,0.31231947643013613,29.183428762918584,0.0,0.0,0.9894938435127993
372,4539355.6967450185,49.57395724163798,5.982647127639749,33666.89529031135,28.811813052514502,1.4595705881633512,8.295440344898989,2.403844157892036,0.0,0.9994455432103753,0.0005524230829478591,8.547243431021859e-08,0.6876799354457596,0.3123195140578925,29.18342876291851,0.0,0.0,0.9899925544979761
373,4539386.111468054,49.57350659910813,5.982759463505499,33681.96661166947,28.789757753226276,1.4592380105925762,8.296660283411349,2.407561445946775,0.0,0.9993853290412983,0.0006125954684029101,1.0217601799560723e-07,0.6876798901578335,0.31231955935071604,29.183428762918517,0.0,0.0,0.9899864179354054
374,4539414.84555207,49.57305957086089,5.982822700523068,33692.185920350945,28.774390557129724,1.459006134022819,8.297756516700243,2.4108973141632988,0.0,0.9993256311580611,0.0006722537163028735,1.201991054320553e-07,0.6876798475294835,0.3123196019836742,29.183428762918656,0.0,0.0,0.9899450367467719
375,4539443.645592785,49.57258911377932,5.982885456876019,33710.046475652234,28.745984478711957,1.4585771867461523,8.298800857329299,2.414075138257629,0.0,0.9992634215914349,0.0007344235718275403,1.4060473494225842e-07,0.68767980498635,0.3123196445314077,29.183428762918464,0.0,0.0,0.9894821411034105
376,4539472.232084336,49.57214337093547,5.982956158679571,33708.09286590532,28.75165686525993,1.4586628767371648,8.299782905962498,2.417061457952221,0.0,0.999197987727572,0.0007998167284489913,1.636673010637019e-07,0.6876797628322256,0.3123196866900885,29.183428762918595,0.0,0.0,0.9898938664956518
377,4539500.77005818,49.57167613530158,5.983013734146842,33720.78730747863,28.731917855860402,1.4583646161213635,8.300709434034708,2.4198766394678155,0.0,0.9991294242014734,0.0008683384371653958,1.8961860369924244e-07,0.6876797201259632,0.3123197294009682,29.183428762918616,0.0,0.0,0.9894700480564635
378,4539535.015626795,49.57122249197703,5.983128747455154,33721.79774775914,28.73400056575862,1.4583960959773004,8.301745400298923,2.423021239705454,0.0,0.9990423851432365,0.0009553250268306387,2.25408113338469e-07,0.6876796689403755,0.31231978059208837,29.183428762918687,0.0,0.0,0.9896986222053887
379,4539576.110309131,49.570768436249466,5.983233288462466,33723.88898900123,28.733895171930488,1.4583945030197927,8.302882712969227,2.426469093254433,1.589208235470312e-23,0.9989336856918813,0.0010639588396470898,2.7495519169417086e-07,0.6876796075495203,0.31231984198957874,29.183428762918595,0.0,0.0,0.9898698542702893
380,4539615.092925535,49.57031618079428,5.983295142558469,33722.239335574304,28.73875297514825,1.4584679194084464,8.30386962182695,2.4294576898466915,0.0,0.9988231821668327,0.0011743939556159218,3.294181095205459e-07,0.6876795493170874,0.31231990022830275,29.18342876291863,0.0,0.0,0.9898919188042523
381,4539654.369785348,49.569860511684496,5.9833647611377385,33721.81255269555,28.741784014928616,1.4585137214806327,8.304773965066975,2.432192395870644,0.0,0.9987102005996145,0.0012873026297309691,3.9064688815623857e-07,0.6876794913172927,0.3123199582343655,29.183428762918552,0.0,0.0,0.9898272944591094
382,4539660.261314319,49.56952275526717,5.982847934125562,33663.31702434244,28.824601625168714,1.459763313774663,8.304907363387617,2.4325963688002354,0.0,0.9986939285108114,0.0013035631333866452,3.9972603359069293e-07,0.687679482245655,0.31231996730698236,29.183428762918503,0.0,0.0,0.9895787434453686
383,4539666.152843292,49.569215703978706,5.982898278435667,33627.441408374936,28.887812112799637,1.4607146507635604,8.30503868932295,2.4329935450588946,1.3530238568014968e-24,0.9986782869274251,0.0013191913451884355,4.0873315952629636e-07,0.687679473354124,0.31231997619947477,29.183428762918517,0.0,0.0,0.9897662851520448
384,4539673.222678059,49.56893113594985,5.9830237587006625,33603.35653267807,28.93341661353774,1.4613997205057179,8.305193583984984,2.4334617713984583,0.0,0.9986573644847075,0.0013400983652649401,4.2040480824547936e-07,0.6876794628637013,0.3123199866910316,29.183428762918478,0.0,0.0,0.9899082353198206
385,4539681.7064797785,49.56865484626367,5.983128257457372,33592.91679853874,28.954886106272927,1.461721860980169,8.305375521918052,2.434012336910359,5.373315767375513e-25,0.998632191255196,0.001365252752215386,4.3471461206812173e-07,0.6876794503127058,0.31231999924338266,29.183428762918464,0.0,0.0,0.9896715471641607
386,4539686.79676081,49.56842773614163,5.982998238709007,33555.95311415636,29.014368489945692,1.4626131223995482,8.30548199416502,2.434332122585402,0.0,0.9986178495835405,0.0013795827924732045,4.431354410008726e-07,0.6876794426249796,0.31232000693193923,29.183428762918656,0.0,0.0,0.9898898126260999
387,4539691.887041842,49.56821094920695,5.983028420440882,33536.10199036852,29.0497371804241,1.463142207583221,8.30559100497713,2.4346670094926295,1.3420937456267274e-23,0.9986013158610652,0.001396105439820159,4.523988160377327e-07,0.6876794350975698,0.3123200144601632,29.183428762918425,0.0,0.0,0.9897559417305217
388,4539697.99537908,49.56800046880128,5.983124692519708,33526.93982651726,29.068838372396065,1.4634276771595478,8.30571765015812,2.4350538156583217,0.0,0.9985813052877058,0.001416102578690653,4.63749626449974e-07,0.6876794260852737,0.3123200234734323,29.18342876291864,0.0,0.0,0.9896844581911083
389,4539699.827880251,49.56785321222624,5.982651688150751,33462.88659303665,29.164343300584815,1.4648522017794672,8.305754316112498,2.4351627970587493,4.282996309723037e-21,0.9985770342989043,0.0014203690749603213,4.665701466592104e-07,0.6876794232205244,0.3123200263384912,29.183428762918577,0.0,0.0,0.9897826975524912
390,4539701.660381422,49.567712649131884,5.9826805950691195,33433.764857137874,29.21614363644826,1.4656228909980826,8.305792053316415,2.435278287733346,0.0,0.9985704981697758,0.001426900774965462,4.7030568091522443e-07,0.6876794203640335,0.3123200291952908,29.183428762918457,0.0,0.0,0.9896506419212093
391,4539703.859382828,49.56758237850873,5.982839423130036,33410.42686117067,29.262324614424383,1.466308823741299,8.305836553985763,2.4354133707764527,6.935606965650996e-26,0.9985627520747066,0.0014346416304502477,4.7475050912477254e-07,0.6876794170502268,0.312320032509455,29.183428762918478,0.0,0.0,0.9899393591022998
392,4539706.498184515,49.567451989457744,5.982947471231216,33401.54961137563,29.28152323535617,1.4665936651289408,8.305886634598027,2.4355614535302847,0.0,0.9985769083415709,0.001420467914923137,4.718948402364941e-07,0.687679413120034,0.3123200364400727,29.183428762918666,0.0,0.0,0.989929973808599
393,4539709.66474654,49.567321481871254,5.983044528420278,33399.55960493113,29.288285157842083,1.4666939442903828,8.305948539861133,2.4357461656207002,0.0,0.9985654824646184,0.0014318854510320406,4.78459296360598e-07,0.6876794084873004,0.3123200410733073,29.18342876291849,0.0,0.0,0.9898288698986185
394,4539713.464620969,49.5671947708691,5.983139315191575,33395.01555264847,29.29945339679399,1.4668595183414657,8.306023261032594,2.4359710356584343,0.0,0.9985531278027132,0.001444231203272235,4.855864524936451e-07,0.6876794030032897,0.3123200465579092,29.183428762918616,0.0,0.0,0.9899270984902215
395,4539718.024470284,49.567067944675124,5.983216483518192,33393.02891712495,29.30554318335129,1.466949775516166,8.306111565236222,2.4362368199208793,9.895555132084246e-29,0.998538451808826,0.0014588966174370896,4.941262851266015e-07,0.6876793964798948,0.31232005308201016,29.183428762918563,0.0,0.0,0.9899388740126611
396,4539723.496289463,49.5669410031846,5.98328556874512,33392.08972558766,29.309522819620327,1.4670087478654998,8.306216206809367,2.436552039795859,0.0,0.9985199262787573,0.0014774087896887668,5.050184621296699e-07,0.6876793887066156,0.31232006085612857,29.183428762918563,0.0,0.0,0.98991470302941
397,4539730.062472476,49.56681394629273,5.983348339704297,33392.84558714011,29.310314080644183,1.467020472234403,8.30633957649943,2.4369236843753503,0.0,0.9984983426740234,0.0014989767849571676,5.178864947923054e-07,0.6876793794336035,0.31232007013014224,29.183428762918606,0.0,0.0,0.9899002313456327
398,4539737.941892092,49.5666867738946,5.983406975347068,33393.043318443044,29.311945657692362,1.4670446468367526,8.306484538173965,2.437360306358916,0.0,0.9984715073043641,0.001525792730524853,5.341250857959513e-07,0.6876793683590278,0.3123200812059136,29.183428762918656,0.0,0.0,0.9898570700907955
399,4539747.397195631,49.56655948588519,5.983461430663989,33392.95550634841,29.313937569161443,1.467074158585222,8.306653967248327,2.437870467828777,0.0,0.9984399114585538,0.001557365599310984,5.536196490097021e-07,0.6876793551215745,0.312320094444797,29.183428762918737,0.0,0.0,0.9898205709694488
400,4539758.743559878,49.56643208215942,5.98351218989421,33394.33265330883,29.31323284530307,1.4670637177714898,8.306851110513282,2.4384638427017298,0.0,0.9984006836843904,0.0015965647050081742,5.783420203511566e-07,0.6876793393635425,0.3123201102045324,29.18342876291859,0.0,0.0,0.989814802970751
401,4539772.359196975,49.566304562612075,5.9835604602162205,33391.94009632114,29.3190629357294,1.467150085739033,8.307078778400374,2.439148498362401,5.3223191840103164e-27,0.9983529703172036,0.0016442428969814396,6.09220514829981e-07,0.6876793206460604,0.31232012892403566,29.183428762918545,0.0,0.0,0.9898820341562162
402,4539788.6979614915,49.56617692713787,5.983607317421779,33388.59701730227,29.326516468242332,1.467260478648145,8.30733958240368,2.4399320250562173,0.0,0.9982949004204237,0.0017022694264360815,6.480042302318698e-07,0.6876792984288074,0.31232015114368866,29.183428762918705,0.0,0.0,0.9899729543238404
403,4539808.304478911,49.566045346567186,5.983650821727156,33391.92348523539,29.32214240386205,1.4671956985810846,8.307635626080708,2.4408202420944103,0.0,0.9982245274141722,0.0017725888565358844,6.968042709515344e-07,0.6876792720349101,0.3123201775404367,29.1834287629186,0.0,0.0,0.9899422715009677
404,4539831.832299815,49.56590969896069,5.983693895495619,33395.073435071405,29.318064975340505,1.467135302999648,8.307967542007432,2.441814614101936,0.0,0.9981384627988534,0.0018585862779779974,7.591303896641648e-07,0.6876792406741797,0.31232020890455486,29.183428762918613,0.0,0.0,0.989902841308957
405,4539860.065684899,49.565765789181775,5.983737656076547,33402.53247755452,29.30644899616561,1.4669631990321497,8.308334260189048,2.4429111781180444,0.0,0.998033649322468,0.0019633147960363634,8.390631744279904e-07,0.6876792029684594,0.3123202466143469,29.183428762918556,0.0,0.0,0.9898361659891525
406,4539893.945746999,49.56561743128244,5.983783387750528,33407.37062882136,29.29950371671775,1.4668602642136208,8.308732742536431,2.44409974484408,0.0,0.9979065163707695,0.00209033738003343,9.424411397540696e-07,0.6876791581797612,0.312320291407881,29.183428762918723,0.0,0.0,0.9898751919242184
407,4539899.027756314,49.56549413029959,5.9835675497410215,33379.19620290801,29.34169423686034,1.4674851870967662,8.30879125338773,2.4442743536466596,6.417597479173204e-26,0.9978883823153464,0.002108454233217795,9.576375805897917e-07,0.6876791511981286,0.31232029839026787,29.183428762918673,0.0,0.0,0.989724342691172
408,4539904.109765629,49.565376433906884,5.983576167059599,33361.909802186405,29.372400187785413,1.4679394366732872,8.30884898440828,2.4444465345464437,0.0,0.9978702621973697,0.0021265565718798303,9.729862828704875e-07,0.687679144383836,0.3123203052052971,29.183428762918716,0.0,0.0,0.9897037497847059
409,4539910.2081768075,49.565267355613685,5.983634819925918,33339.5800678806,29.41374480735598,1.4685503201764631,8.308916734885582,2.4446485892775867,0.0,0.9978480648380812,0.0021487321087846896,9.918420498309617e-07,0.6876791363021726,0.3123203132878327,29.183428762918638,0.0,0.0,0.9899229935042236
410,4539917.526270221,49.56516145050718,5.983678876691604,33325.32755215337,29.440402666477002,1.4689437457005523,8.30899622787992,2.4448850995340474,0.0,0.9978218166202429,0.0021749525820219766,1.0145835007554662e-06,0.6876791267143069,0.31232032287673467,29.18342876291851,0.0,0.0,0.9899872939446256
411,4539926.307982317,49.56505544912332,5.98371754645085,33320.032871443625,29.45107093365896,1.469101091724893,8.309089353271995,2.4451622484165236,0.0,0.9977888678403574,0.002207868849599243,1.0430197590971115e-06,0.6876791152380305,0.31232033435425044,29.183428762918425,0.0,0.0,0.9898689811759612
412,4539936.846036833,49.56495253141609,5.983755235702,33311.926633489726,29.46668469753316,1.4693312760412645,8.309197410668517,2.4454834749649463,0.0,0.9977502504889607,0.0022464445210956144,1.0773105969168017e-06,0.6876791015659758,0.3123203480277814,29.18342876291857,0.0,0.0,0.9899423166272001
413,4539949.491702252,49.5648495201473,5.983789341373993,33307.08447656467,29.47641039214785,1.4694745944583154,8.309322229819216,2.4458543773594723,0.0,0.9977028985916732,0.002293745847894092,1.1198905490588097e-06,0.6876790852466558,0.31232036434886246,29.183428762918446,0.0,0.0,0.9899227544003619
414,4539957.079101504,49.56475297798619,5.983747073193157,33294.16358737013,29.49785791150955,1.469790479334478,8.309394899221235,2.446070282120999,0.0,0.9976751859908223,0.0023214261935275036,1.1454108665634341e-06,0.6876790753968023,0.31232037419978037,29.183428762918368,0.0,0.0,0.9898445806430864
415,4539964.666500756,49.56466082410511,5.983759924563591,33281.06545103131,29.52151769356444,1.4701386806915602,8.30946614566439,2.4462817336565417,6.552208857667356e-27,0.9976473388523512,0.002349240570773156,1.1713191162531496e-06,0.6876790655944195,0.31232038400322143,29.183428762918492,0.0,0.0,0.9898764758040945
416,4539973.771379857,49.56457135106423,5.983795490057464,33269.377696977164,29.54347321952732,1.4704615509422696,8.309549236353197,2.446527914550717,0.0,0.9976135002247359,0.002383039486911306,1.2031043785823455e-06,0.687679053999723,0.3123203955991685,29.183428762918478,0.0,0.0,0.9899013895213075
417,4539984.69723478,49.56448179668421,5.9838314397116825,33264.32714804582,29.55366827681618,1.470611394303727,8.3096456674391,2.446813445385896,1.3831231671466046e-27,0.9975718573765814,0.002424635188237016,1.2424993932376073e-06,0.6876790401432199,0.3123204094571689,29.18342876291835,0.0,0.0,0.9898948126554901
418,4539997.808260687,49.56439484752252,5.983860439977348,33257.05126573475,29.56758820489393,1.470815901055583,8.30975634653319,2.4471401438580616,0.0,0.9975220972273297,0.002474336716425745,1.2906793293717472e-06,0.6876790236700474,0.312320425932119,29.18342876291849,0.0,0.0,0.9899499027547415
419,4540005.67487623,49.56431335876818,5.98382602891935,33241.601870730825,29.59390585542933,1.4712022878884257,8.309821096933126,2.447331567476408,0.0,0.9974926123907832,0.0025037852365745353,1.319733925903018e-06,0.6876790137751503,0.3123204358280847,29.183428762918464,0.0,0.0,0.9899186814640051
420,4540013.541491774,49.56423557404813,5.983836738464575,33226.01210965524,29.622048731088523,1.4716150920595055,8.309884439851547,2.4475185613622217,6.408125039373565e-27,0.9974621713304648,0.0025341909770298233,1.3496868497595766e-06,0.6876790038866163,0.3123204457176861,29.183428762918478,0.0,0.0,0.9899783112759061
421,4540022.981430427,49.56415771861471,5.983864622803987,33217.97676062276,29.637332902691192,1.4718391184111712,8.3099581085843,2.447735748821848,0.0,0.9974249682607759,0.002571351989807978,1.3865603245260367e-06,0.6876789921038743,0.3123204575017002,29.183428762918474,0.0,0.0,0.9899059720795548
422,4540034.30935681,49.564082128066616,5.983892983078318,33208.6639154485,29.65492612346006,1.472096846453535,8.310043492908635,2.4479870968731725,9.692608120300142e-28,0.9973804138229476,0.0026158547549087465,1.431556638450844e-06,0.6876789779601954,0.31232047164690624,29.183428762918627,0.0,0.0,0.9899508405054274
423,4540041.10611264,49.56401128460495,5.98385847833942,33193.12583627221,29.681517113973708,1.4724860953060583,8.31009335524146,2.4481338573226976,0.0,0.9973538442641121,0.002642392689962187,1.4587421671640293e-06,0.6876789693208207,0.31232048028721393,29.183428762918556,0.0,0.0,0.9899090235332308
424,4540047.90286847,49.56394366130063,5.983867910468525,33178.136464334384,29.708665087200917,1.472883137892952,8.310142250680638,2.448277600746575,0.0,0.9973272164355335,0.0026689885958845103,1.4862438274244583e-06,0.6876789608377852,0.31232048877116436,29.183428762918577,0.0,0.0,0.9899737875984945
425,4540056.058975466,49.56387597652057,5.983893738613108,33171.10400192359,29.72214703110117,1.4730801782406422,8.310199436171349,2.4484455255064566,0.0,0.9972951928779938,0.0027009733453197673,1.5196974360215579e-06,0.6876789507051542,0.3123204989048895,29.183428762918627,0.0,0.0,0.9898703286483301
426,4540065.846303861,49.56381026075229,5.983920292208553,33161.960416086404,29.73944872589587,1.4733329138321887,8.310265940351453,2.448640634951522,0.0,0.9972568469713586,0.0027392716710496947,1.5603797297235444e-06,0.6876789386790987,0.3123205109322426,29.183428762918734,0.0,0.0,0.9899140012885436
427,4540077.591097935,49.56374448524241,5.983944654765646,33156.5988876264,29.74990185849246,1.4734855373793423,8.310342084313316,2.448863873546732,0.0,0.997210153741869,0.0027859071291431122,1.6105096050956407e-06,0.6876789242845327,0.3123205253283633,29.183428762918357,0.0,0.0,0.9898828668067103
428,4540091.684850823,49.56367864993661,5.983969863515348,33153.19315497545,29.756878027785287,1.4735873648298736,8.31043029474121,2.449121960494585,0.0,0.9971538257203723,0.0028421639766727947,1.6721213060073152e-06,0.6876789070401643,0.3123205425745924,29.1834287629185,0.0,0.0,0.9898878389807373
429,4540108.59735429,49.563612754780536,5.9839923228776515,33148.41639934128,29.76622436565986,1.4737237509668548,8.310530540658577,2.4494146344546976,0.0,0.997086975542929,0.0029089223800488817,1.7474191783161587e-06,0.6876788864436122,0.31232056317336854,29.18342876291854,0.0,0.0,0.9898710125180759
430,4540128.89235845,49.563546799719774,5.984016239448059,33142.32412389085,29.777988646885632,1.4738953600024907,8.310643131446128,2.4497424828264904,0.0,0.9970068663241011,0.00298891508612029,1.8402966951535268e-06,0.6876788618770011,0.31232058774263105,29.18342876291849,0.0,0.0,0.9899068158455452
431,4540141.069360946,49.563483007985006,5.984003700063872,33132.96885678537,29.79437683308817,1.474134306331325,8.310707193822594,2.4499290797759268,0.0,0.9969589810939615,0.0030367265357033693,1.8968281910132367e-06,0.6876788471558847,0.3123206024653371,29.183428762918425,0.0,0.0,0.9898840611941788
432,4540153.246363442,49.563419216250225,5.98401249847364,33127.491085718604,29.804532805506174,1.4742823185298346,8.310768107232153,2.4501055854130493,0.0,0.9969112938870368,0.003084335111994893,1.95412925321489e-06,0.6876788324116186,0.3123206172111939,29.1834287629186,0.0,0.0,0.9898233030345964
433,4540167.858766438,49.56335728027502,5.984034186845176,33117.25861673187,29.823698155421717,1.4745614952172712,8.310839379536768,2.450311928044697,2.1541920954620256e-28,0.9968514707151275,0.003144070200490155,2.0259907609429926e-06,0.6876788148448132,0.3123206347798948,29.183428762918563,0.0,0.0,0.9899133098380871
434,4540185.393650033,49.56329528799437,5.984055960705947,33109.14512430057,29.839064713324063,1.474785206327167,8.310920745967582,2.4505475158797423,0.0,0.9967804046812618,0.0032150208119809606,2.1137285592444217e-06,0.687678793825768,0.3123206558012085,29.1834287629186,0.0,0.0,0.9899342747922516
435,4540206.435510347,49.563233239357096,5.984077903703224,33102.410361099945,29.851961739051497,1.4749728763179992,8.311010325336236,2.4508048004146445,0.0,0.9966926852373551,0.003302608101365343,2.223698520802341e-06,0.6876787687142657,0.3123206809154199,29.183428762918624,0.0,0.0,0.9899767829838663
436,4540219.060626535,49.56317322591514,5.984066964998385,33091.19630720626,29.871821632461675,1.4752617073983574,8.311062509112753,2.450954517298019,0.0,0.9966416049606489,0.003353598432635893,2.2895321348916828e-06,0.6876787535814255,0.31232069604989393,29.18342876291849,0.0,0.0,0.9899709730817181
437,4540231.685742723,49.56311321247318,5.9840754456728495,33085.32997810548,29.88270742691475,1.4754199427853254,8.311112614072519,2.451098144973353,0.0,0.99659016296511,0.003404947234044239,2.3567526765143564e-06,0.687678738454951,0.3123207111779999,29.18342876291861,0.0,0.0,0.989900526438576
438,4540246.835882149,49.56305494487681,5.984095837799113,33074.50599586023,29.90297152496322,1.4757143472799972,8.311168419053416,2.451257460417111,0.0,0.9965287724805489,0.0034662195117002295,2.438681290049308e-06,0.6876787204172857,0.3123207292176128,29.18342876291858,0.0,0.0,0.9899609770655059
439,4540265.01604946,49.56299662430989,5.984116295933802,33065.53891262927,29.91989727368592,1.475960098097907,8.31123268273169,2.451440363924635,0.0,0.9964538196174159,0.0035410352842975465,2.540117473439529e-06,0.6876786988321353,0.31232075080509203,29.183428762918627,0.0,0.0,0.9899797751931991
440,4540270.470099653,49.56294339560826,5.984049353438132,33045.38580657832,29.95409372131011,1.4764561842906567,8.311251676320694,2.4514945759908953,0.0,0.9964322417421334,0.003562565572589609,2.5700415045887944e-06,0.6876786922789,0.3123207573590336,29.183428762918556,0.0,0.0,0.9899330860716694
441,4540275.924149847,49.56289258639307,5.984054212485343,33030.49101607274,29.981282568694294,1.4768502075847159,8.311269880475882,2.4515464787164296,0.0,0.9964107670948199,0.0035839909523688947,2.6000718068896174e-06,0.6876786857165232,0.31232076392211977,29.183428762918552,0.0,0.0,0.9899863470396107
442,4540282.469010078,49.56284325526415,5.9840764392789865,33014.026906354324,30.0119613651887,1.477294378705218,8.311291340370786,2.4516074791668894,0.0,0.9963844948366373,0.0036102064135066832,2.6367627501041237e-06,0.6876786779114958,0.31232077172798856,29.183428762918474,0.0,0.0,0.9899846616407567
443,4540290.322842356,49.56279387928874,5.984095972508538,33006.39218063828,30.026522378406174,1.4775050358511332,8.311316858960588,2.4516797843903455,0.0,0.9963526813464152,0.0036419525279169,2.6814057777381604e-06,0.6876786686129375,0.3123207810275504,29.18342876291866,0.0,0.0,0.9899018720313953
444,4540299.74744109,49.562745939705344,5.984118633627824,32997.117540170286,30.044187945784632,1.4777604701089244,8.31134592960405,2.4517612721060567,0.0,0.9963151592932891,0.0036793866779375314,2.7350404855134213e-06,0.6876786575318603,0.312320792109823,29.183428762918464,0.0,0.0,0.9899333405330167
445,4540311.05695957,49.56269795654051,5.984134626206531,32992.099287080615,30.053881715853404,1.4779005728080599,8.311380462361711,2.4518584315440823,2.110962746222354e-28,0.996267479642904,0.003726979171354857,2.8023449845863005e-06,0.6876786442548372,0.3123208053882776,29.18342876291863,0.0,0.0,0.9898746194243875
446,4540324.628381748,49.56265136924957,5.984153420694022,32980.96943801007,30.07482002085654,1.4782030370365624,8.311419969501062,2.4519691126010135,0.0,0.9962114354444749,0.0037829089806422182,2.8833650060673274e-06,0.6876786283313175,0.3123208213135154,29.18342876291852,0.0,0.0,0.989982674395587
447,4540340.914088359,49.5626033419878,5.984172945946954,32978.12081061745,30.080692114436506,1.4782878245400373,8.311464466149097,2.4520934565925914,0.0,0.9961437979372427,0.0038504097998949684,2.9826545961386516e-06,0.6876786092029583,0.3123208404439383,29.18342876291864,0.0,0.0,0.9898808886822038
448,4540350.685512327,49.56255833083809,5.984163853367556,32964.27002449107,30.105660624179656,1.4786481615975748,8.311490713070977,2.452166846877621,0.0,0.9961032333165468,0.0038908914042480756,3.042843136197067e-06,0.6876785977616972,0.3123208518864345,29.183428762918613,0.0,0.0,0.9899450407415564
449,4540360.282110585,49.562514125006636,5.98416920228189,32952.26838059825,30.127779893796188,1.4789671298347333,8.311515647775467,2.452236337894038,0.0,0.9960635435865641,0.003930497190817148,3.102457731133166e-06,0.6876785865526116,0.3123208630967281,29.183428762918563,0.0,0.0,0.9899363116210078
450,4540371.798028495,49.562471205163,5.98418638347689,32938.82556586648,30.152972521297897,1.4793301319310004,8.311543185554896,2.4523126784827993,0.0,0.9960157626823376,0.003978176754233362,3.1750083525974177e-06,0.6876785731421754,0.31232087650861196,29.1834287629185,0.0,0.0,0.9899715385689133
451,4540385.617129986,49.56242824630132,5.984202476499988,32929.77477321081,30.170108948723207,1.4795768784793923,8.311576504132058,2.4524048172883464,0.0,0.9959574484394886,0.00403637509652858,3.2641885805996973e-06,0.6876785570465261,0.3123208926059965,29.183428762918517,0.0,0.0,0.9899700220203853
452,4540393.908590881,49.562386696490314,5.984186821271474,32919.5708841519,30.188271045189346,1.479838240646962,8.311596181489328,2.4524591967994063,0.0,0.9959229050095946,0.004070844776077428,3.3177700225626096e-06,0.6876785473828411,0.3123209022707238,29.18342876291855,0.0,0.0,0.989902600613931
453,4540402.200051776,49.56234703530708,5.984192578637755,32905.65966066354,30.2140015469795,1.4802082471099784,8.311615023329614,2.452511069449132,0.0,0.9958886434643743,0.00410502901667277,3.3715630947994917e-06,0.6876785377333674,0.3123209119212388,29.18342876291861,0.0,0.0,0.989985766859902
454,4540412.14980485,49.56230733806822,5.984207565100975,32896.681443661575,30.231017504127035,1.480452764742852,8.31163720054167,2.452571946474199,0.0,0.995847254044204,0.004146325989595327,3.437020266326543e-06,0.687678526175377,0.31232092348047613,29.183428762918613,0.0,0.0,0.9899224052430164
455,4540418.119656694,49.56227013381596,5.984189811888147,32878.659744748096,30.2635489261313,1.4809198552357838,8.311648666254229,2.452603260733008,8.013133582676289e-29,0.9958230272246557,0.004170491212669266,3.475979576130591e-06,0.6876785192475663,0.31232093040903386,29.18342876291851,0.0,0.0,0.989915063031007
456,4540424.089508538,49.562234620666075,5.98419353228882,32859.170524015986,30.29958879793815,1.4814367346409782,8.311659796708488,2.4526335437506077,0.0,0.9957977564454532,0.004195708693781826,3.5161132047305813e-06,0.6876785123946095,0.31232093726272997,29.183428762918478,0.0,0.0,0.9899849201536051
457,4540431.253330751,49.56219907523151,5.984208163496511,32849.51370158774,30.31791654546564,1.48169935316394,8.311674296569324,2.452672962316695,0.0,0.9957672481118661,0.0042261543089042964,3.5647804497021343e-06,0.6876785041380054,0.3123209455202251,29.183428762918503,0.0,0.0,0.9899297606251416
458,4540439.849917408,49.56216349748292,5.984223445368646,32845.05111711571,30.326689121915468,1.4818249993456203,8.311691695919901,2.452720231289601,0.0,0.9957310219090171,0.004262300767353027,3.623328125913746e-06,0.6876784941729424,0.31232095548636235,29.183428762918535,0.0,0.0,0.9898852610156258
459,4540450.165821395,49.56212895472337,5.984238029187017,32834.18683058861,30.3472711703767,1.4821196453642016,8.311712129585667,2.45277568069314,0.0,0.9956877864279369,0.0043054357899815045,3.6941279158870833e-06,0.6876784822137147,0.31232096744688,29.183428762918464,0.0,0.0,0.9899572066891933
460,4540462.544906179,49.56209438056132,5.984252460986146,32825.900066745824,30.36309967813694,1.4823461053128635,8.311735791454629,2.452839672062504,0.0,0.9956361824207483,0.00435691375602653,3.7798931687990767e-06,0.6876784678414005,0.3123209818207445,29.183428762918485,0.0,0.0,0.989975932617578
461,4540469.9723570505,49.562060940431785,5.984238953993907,32814.12821074482,30.384416220025635,1.4826508966037868,8.311749675725661,2.4528771966888923,0.0,0.9956055060531669,0.004387510661615712,3.83146210635369e-06,0.6876784591600318,0.3123209905030499,29.18342876291863,0.0,0.0,0.9899504373131892
462,4540477.399807921,49.56202750030225,5.984242806286934,32808.33047852071,30.39529075446208,1.482806302102908,8.311763185533524,2.4529135997444493,0.0,0.9955749846576927,0.004417950027418521,3.8832520433047476e-06,0.6876784504834651,0.31232099918055184,29.18342876291845,0.0,0.0,0.9898823225748569
463,4540486.312748966,49.56199503297648,5.984257191544247,32797.563901626476,30.415753708256414,1.4830985828334982,8.311778901126583,2.4529558020867173,0.0,0.9955383001586542,0.004454535323003203,3.9459714676331494e-06,0.6876784400913272,0.3123210095738108,29.183428762918503,0.0,0.0,0.9899356431683896
464,4540497.008278219,49.561962536134956,5.984271171373273,32790.36807915726,30.42959435967086,1.4832961630538366,8.311797024839423,2.4530042596674537,0.0,0.9954941699119405,0.004498545889289403,4.02207708235596e-06,0.6876784276405534,0.3123210220259259,29.18342876291854,0.0,0.0,0.9899432942542729
465,4540509.842913324,49.56193000975085,5.984285577297258,32784.928771084706,30.440197131678698,1.4834474606124328,8.311816920904315,2.4530569875897896,0.0,0.9954409975444867,0.004551574832162829,4.1146719388025225e-06,0.6876784127260349,0.31232103694205376,29.183428762918584,0.0,0.0,0.9899453723039963
466,4540525.244475449,49.56189745379731,5.984300726683827,32778.603627891905,30.452477215931136,1.483622626934411,8.31184063955418,2.453119634514121,0.0,0.9953761917229436,0.00461621743831218,4.228304132237994e-06,0.6876783948556126,0.3123210548144035,29.183428762918492,0.0,0.0,0.9899673007388061
467,4540534.485412724,49.56186596567903,5.9842930838810995,32767.50625390613,30.472839259786394,1.4839129208262578,8.311854111873643,2.453154761119681,0.0,0.9953370316691472,0.004655281818191944,4.297328978193718e-06,0.6876783841138596,0.31232106555731426,29.18342876291855,0.0,0.0,0.989973722954302
468,4540543.72635,49.56183447756077,5.9842989322676,32761.29403409638,30.484602176600948,1.4840805318613235,8.31186787846536,2.4531908415079657,0.0,0.9952973550501785,0.00469486770213599,4.367460546286257e-06,0.6876783733642592,0.3123210763080738,29.18342876291845,0.0,0.0,0.9899259601544735
469,4540554.81547473,49.56180390546049,5.984313065221323,32749.128416898744,30.507751561969503,1.4844102010802183,8.311883967548638,2.4532328847359843,0.0,0.9952500461033535,0.004742064205269224,4.45215205988195e-06,0.6876783605114267,0.3123210891622919,29.183428762918517,0.0,0.0,0.9899875552260872
470,4540568.122424406,49.561773305567385,5.9843267727224365,32740.20296870359,30.52486924886114,1.4846538123509174,8.311898075570745,2.453268425410967,0.0,0.9951941014564751,0.004797863162115807,4.554124742023374e-06,0.6876783450935503,0.3123211045818301,29.18342876291849,0.0,0.0,0.9899951583193608
471,4540584.090764018,49.561741759859416,5.984340866219095,32739.133423627816,30.527359022206433,1.4846892343119586,8.311919590971474,2.4533238775312953,0.0,0.9951248038479714,0.004867007663245968,4.680536418706502e-06,0.6876783265730929,0.3123211231042847,29.183428762918613,0.0,0.0,0.989891914980918
472,4540603.252771551,49.56171018547353,5.984356546537205,32735.442858752845,30.534793893588404,1.484794992903054,8.311944218078866,2.4533870021284008,0.0,0.9950430882515524,0.004948520128692585,4.833233491679457e-06,0.6876783043580322,0.3123211453217406,29.183428762918485,0.0,0.0,0.989898151781235
473,4540626.247180592,49.56167858238364,5.984374289747633,32727.5149776215,30.550213184367593,1.485014245166836,8.31197171419121,2.4534567187257914,0.0,0.9949463587765247,0.0050449803809351455,5.018716880319997e-06,0.6876782776805784,0.3123211720020697,29.18342876291861,0.0,0.0,0.9899630996798674
474,4540653.840471441,49.56164600247098,5.984394944186008,32723.67361114989,30.558112703881577,1.4851265283198714,8.312002126756127,2.453532992081121,0.0,0.9948303770974717,0.005160626045217054,5.246436855512223e-06,0.6876782456538709,0.312321204032231,29.183428762918545,0.0,0.0,0.9899190511257521
475,4540686.952420459,49.56161241554284,5.984417777625333,32721.456938907948,30.563056512866385,1.4851967844682363,8.312035514386737,2.4536155921121274,1.8326690227273974e-27,0.9946905440151645,0.005300054220931091,5.527909225696792e-06,0.6876782071969527,0.3123212424932946,29.18342876291852,0.0,0.0,0.9899116025469783
476,4540726.686759281,49.56157779047328,5.984444322746158,32716.453405549077,30.573339973001858,1.485342885654781,8.312066683361799,2.453688746294193,0.0,0.9945226545973485,0.005467444236866795,5.876414090475844e-06,0.6876781609224333,0.31232128877280063,29.183428762918552,0.0,0.0,0.9899350579289828
477,4540774.367965868,49.561541056422215,5.984476041568573,32713.675380640776,30.579649407752655,1.485432501967366,8.312105872506535,2.453781777622688,0.0,0.9943167081814229,0.005672844258972233,6.3154961782452815e-06,0.6876781052259565,0.3123213444752793,29.18342876291859,0.0,0.0,0.9899504955713435
478,4540831.585413771,49.56150208493349,5.984515080073139,32711.583876631714,30.584934519752466,1.4855075550401111,8.312145889580991,2.4538717161225083,0.0,0.9940717201658168,0.005917116477301023,6.862579648830235e-06,0.6876780381560708,0.31232141155239157,29.183428762918624,0.0,0.0,0.9899586082102452
479,4540900.246351256,49.56145957058215,5.984563321479624,32710.111739310873,30.58938645318712,1.48557076620771,8.312190517327977,2.4539714183310983,0.0,0.9937737757028875,0.006214231983546854,7.5574168993311275e-06,0.6876779571445563,0.31232149257263425,29.18342876291861,0.0,0.0,0.9899220377353094
480,4540905.395921567,49.561420175721665,5.98450028892765,32705.52246023516,30.59575135523112,1.4856611228513181,8.312194106309036,2.4539798422054657,0.0,0.9937521960083245,0.006235741196858238,7.6086103456829026e-06,0.6876779509712413,0.3123214987466136,29.183428762918805,0.0,0.0,0.9898442129338646
481,4540910.545491879,49.56138257153666,5.984502363943327,32693.203514751895,30.618886078402863,1.4859893869238805,8.31219811096679,2.4539925825533575,0.0,0.993731436393034,0.006256421205286433,7.658774109073087e-06,0.6876779448048109,0.31232150491370947,29.183428762918698,0.0,0.0,0.989885415583714
482,4540916.724976253,49.56134606129158,5.98451797491344,32677.456339967073,30.648954342319954,1.4864156621788371,8.312187767337102,2.453959975084313,0.0,0.9937100514409312,0.0062776627292305,7.714978762779437e-06,0.6876779374265702,0.3123215122927447,29.183428762918705,0.0,0.0,0.9898940071359285
483,4540924.140357501,49.56131061316274,5.984533635103501,32663.643053938955,30.675435449278694,1.4867907364153943,8.312171575482942,2.4539112722215846,0.0,0.9936767754045192,0.006310852065363799,7.79316054400596e-06,0.6876779286516055,0.3123215210686552,29.183428762918716,0.0,0.0,0.9899164964054632
484,4540933.038814999,49.56127619625218,5.984549675387503,32648.262386554125,30.704911810147582,1.4872078543506158,8.312164377418704,2.4538868081726677,0.0,0.9936374699682475,0.006350055718792816,7.886081283657475e-06,0.6876779181470101,0.3123215315743806,29.18342876291863,0.0,0.0,0.9899715210792364
485,4540943.716963997,49.561241748053526,5.984565067081877,32639.540978172725,30.721867335966703,1.487447609440835,8.312161816669894,2.453874535786899,0.0,0.9935899790642668,0.006397423960571354,7.999202560081571e-06,0.687677905546815,0.31232154417593455,29.183428762918567,0.0,0.0,0.9899336069742587
486,4540956.530742794,49.561207268538325,5.984580545559956,32633.15605665006,30.734438129869854,1.4876252779960806,8.31216223462309,2.4538697666639893,1.4756802067389128e-29,0.9935330690901955,0.00645418717921414,8.135983951502447e-06,0.6876778903898255,0.3123215593345571,29.183428762918595,0.0,0.0,0.9898978445105254
487,4540971.907277351,49.561173792063556,5.9845978322262585,32619.951139596098,30.759938625961272,1.487985464600364,8.312165803173098,2.4538728921028814,2.1594864675407004e-28,0.9934650034893264,0.006522077282192314,8.301329224750449e-06,0.6876778722233257,0.31232157750301287,29.183428762918485,0.0,0.0,0.989998445006222
488,4540990.359118819,49.5611392808614,5.98461609638438,32614.822088673707,30.770261097033316,1.48813118141222,8.312172895922108,2.4538848777052795,0.0,0.9933837066483896,0.0066031641071173175,8.501316475952417e-06,0.6876778503568606,0.31232159937183335,29.183428762918595,0.0,0.0,0.98993211269242
489,4541012.501328582,49.561104738285415,5.984636990436209,32607.796062787915,30.78426321902413,1.488328763782907,8.312183966636763,2.453906913685698,0.0,0.9932863335048879,0.006700284544771567,8.744410446987763e-06,0.6876778240739831,0.3123216256575407,29.183428762918705,0.0,0.0,0.9899704571423787
490,4541039.071980296,49.561068091752524,5.984659110759547,32612.08374003432,30.776952808011366,1.48822561860862,8.312199233466913,2.4539395832414006,2.6882305095165324e-28,0.9931705335784778,0.006815768417174858,9.039545320407565e-06,0.6876777923698754,0.3123216573650636,29.18342876291861,0.0,0.0,0.9899097402854298
491,4541070.956762352,49.561030312508606,5.984685483965101,32611.747359222725,30.778522244697676,1.4882477644109917,8.312218753849479,2.4539830065091857,0.0,0.9930329211660559,0.0069529747840459556,9.399347880274884e-06,0.6876777541917232,0.31232169554732575,29.183428762918492,0.0,0.0,0.9899482944156001
492,4541109.21850082,49.5609902321653,5.984716420278223,32612.906935021594,30.77742975019237,1.488232348701549,8.312242137153621,2.4540352031917476,0.0,0.9928703012597409,0.007115067531209961,9.837574158143105e-06,0.6876777081490039,0.3123217415950045,29.1834287629186,0.0,0.0,0.9899100251214814
493,4541155.132586981,49.560948912975014,5.984754613530088,32607.04300321761,30.78985439680174,1.4884076351579862,8.312268729765888,2.454094136691072,0.0,0.9926763932476433,0.007308291765042038,1.0375965204260868e-05,0.687677652825161,0.3123217969248029,29.18342876291858,0.0,0.0,0.9899824473821784
494,4541210.229490374,49.560903837494706,5.984801783397833,32608.56826997582,30.788646044019448,1.488390590866818,8.312297537695315,2.4541564384551253,0.0,0.9924451653783345,0.0075386042564323024,1.1040233549705865e-05,0.6876775862541907,0.312321863502939,29.183428762918506,0.0,0.0,0.9898998592816313
495,4541218.494025883,49.56086191885617,5.984767646740582,32600.767566615094,30.802171417062638,1.4885813334227673,8.312302105680333,2.4541670318883004,0.0,0.992411507926132,0.0075721064522885455,1.1138627634530064e-05,0.6876775760399613,0.3123218737182674,29.18342876291851,0.0,0.0,0.9899030058549008
496,4541226.758561392,49.560820000217625,5.984772019944763,32595.35530515742,30.81255643037049,1.4887277319925367,8.312306301972983,2.454176467643708,0.0,0.9923802608544513,0.007603161812980706,1.1233675528976811e-05,0.687677565850562,0.3123218839087645,29.183428762918563,0.0,0.0,0.9898034668181872
497,4541236.676004004,49.56078115099344,5.984790299233689,32574.742919151624,30.85221268721522,1.4892863166152084,8.312312884256283,2.4541961514110864,0.0,0.9923393500786127,0.007643890196644066,1.1353764081032714e-05,0.6876775537926979,0.3123218959679255,29.18342876291857,0.0,0.0,0.9899907759797713
498,4541239.651236787,49.56074569362614,5.984712135411878,32546.133226556994,30.903696698603355,1.4900104328157275,8.312313705178504,2.454196257270428,6.722798586667889e-29,0.9923282513260049,0.007654913133433326,1.1388035416070396e-05,0.687677550164499,0.3123218995965157,29.183428762918627,0.0,0.0,0.9899558519933186
499,4541242.626469571,49.560711847957364,5.98471534746978,32522.46778450005,30.948802550925357,1.4906438502677373,8.3123145834233,2.4541966493818586,0.0,0.9923150325944977,0.0076680888550089655,1.1425828338281457e-05,0.6876775465740321,0.3123219031873697,29.183428762918645,0.0,0.0,0.9899878958678057
500,4541246.196748911,49.5606779715198,5.984735712424379,32511.368463805054,30.97066401560075,1.4909505167943018,8.312316009571996,2.4541988853295895,0.0,0.9922991839441209,0.007683885933525653,1.1471244096055738e-05,0.6876775422974736,0.3123219074643873,29.183428762918638,0.0,0.0,0.9898813347776053
501,4541250.481084119,49.56064508057859,5.984756964791478,32500.376778904956,30.992374527307767,1.491254851637822,8.312317788790281,2.4542018991988455,0.0,0.992280409071535,0.00770259614485233,1.1525425253926242e-05,0.6876775371554497,0.3123219126069654,29.18342876291864,0.0,0.0,0.9898908816516713
502,4541255.622286368,49.560613146464746,5.9847772156052415,32487.232059706417,31.018182533762076,1.491616347356305,8.312319966654067,2.454205957681637,0.0,0.9922593027896544,0.007723608351069892,1.1587940843924925e-05,0.687677531006864,0.3123219187562127,29.183428762918563,0.0,0.0,0.9899475649660058
503,4541261.791729067,49.56058118331991,5.9847949197648616,32479.650687447614,31.033297233916457,1.4918279210698433,8.312322733557258,2.4542115106456266,0.0,0.9922332383981222,0.007749567624623046,1.1664666272611175e-05,0.6876775235948411,0.312321926169033,29.183428762918616,0.0,0.0,0.9899086436577424
504,4541269.195060306,49.56055015001201,5.984813211655992,32468.20591229751,31.055833060912622,1.4921431835221557,8.31232603983087,2.454218221034096,0.0,0.9922021222040237,0.007780555078407905,1.175689676861906e-05,0.6876775147146548,0.3123219350501754,29.183428762918673,0.0,0.0,0.9899609822073387
505,4541278.079057793,49.56051908849201,5.98482989996908,32459.906481773076,31.07231294881234,1.4923735823028943,8.3123299741247,2.454226252426722,0.0,0.9921650062847466,0.007817514271584556,1.186773635621016e-05,0.6876775039911153,0.31232194577487005,29.18342876291846,0.0,0.0,0.9899641493151704
506,4541288.739854777,49.56048799873428,5.9848471393787745,32454.035665315325,31.084172641565047,1.4925393123673647,8.312334566500702,2.4542356080761754,0.0,0.9921206467946069,0.007861684913786682,1.2001204137234161e-05,0.6876774910763694,0.31232195869100543,29.183428762918478,0.0,0.0,0.9899519983950015
507,4541301.532811159,49.56045688071313,5.984865638441037,32449.0177673909,31.094449300290634,1.4926828696247685,8.312339818740696,2.4542461825453423,0.0,0.9920675945338023,0.00791451062664923,1.216214907590285e-05,0.6876774755416276,0.31232197422741886,29.18342876291859,0.0,0.0,0.9899686581589456
508,4541316.884358818,49.56042573440285,5.984885073748373,32443.246663895807,31.106208650987025,1.4928470807873917,8.312346164186497,2.454259055836835,0.0,0.9920040788557218,0.007977755342822896,1.235657801237385e-05,0.6876774568797843,0.31232199289127,29.183428762918638,0.0,0.0,0.98999629409277
509,4541335.306216006,49.56039362538845,5.9849057124844,32442.03458031713,31.10927223017415,1.4928898513492541,8.312353765304604,2.454274546210432,0.0,0.9919279764878753,0.008053533819390177,1.2591888022235453e-05,0.6876774343847771,0.3123220153886979,29.183428762918627,0.0,0.0,0.9899477541871665
510,4541357.412444634,49.560360523913594,5.984928250286235,32443.092837771343,31.108049932708735,1.492872787386162,8.312362811266457,2.4542930189838525,0.0,0.9918367023700427,0.00814442129300543,1.2877299696493683e-05,0.6876774073540254,0.31232204242235917,29.18342876291851,0.0,0.0,0.9899146119372296
511,4541383.9399189865,49.560326399302255,5.984953646497645,32443.157481851806,31.108835526587704,1.4928837547974734,8.312373733009155,2.4543157565414635,0.0,0.9917264241429061,0.00825424519805284,1.3225638966814986e-05,0.6876773748443484,0.312322074935533,29.183428762918748,0.0,0.0,0.9899324884246176
512,4541415.77288821,49.56029019619185,5.984982964338625,32449.098498365227,31.098494969099185,1.4927393715853134,8.312386610874963,2.4543425722083554,0.0,0.991593705451103,0.00838642460511818,1.3650993563757097e-05,0.687677335687223,0.31232211409687105,29.183428762918677,0.0,0.0,0.9898887680160084
513,4541453.972451278,49.56025287407622,5.985017726599259,32447.716028803352,31.102389735033928,1.4927937590868423,8.31240176792259,2.4543739683067227,0.0,0.9914339328200853,0.008545556224813577,1.4171932013963258e-05,0.687677288630367,0.31232216115879075,29.183428762918652,0.0,0.0,0.9899379679954615
514,4541499.811926958,49.56021327870445,5.985058252577657,32446.445597660986,31.106276692453243,1.492848030758548,8.312419242381207,2.4544095773918557,0.0,0.9912450357190903,0.008733662153043527,1.4805971168692936e-05,0.687677232006622,0.3123222177886265,29.183428762918556,0.0,0.0,0.9899007852596567
515,4541554.819297777,49.56017127161459,5.985106105835566,32442.61653024265,31.115334008272146,1.492974467289666,8.312439545491845,2.4544505434594113,0.0,0.9910152543682447,0.008962511969274667,1.5592030138037772e-05,0.6876771639698781,0.31232228583268756,29.183428762918577,0.0,0.0,0.9899058756442648
516,4541620.8281427575,49.56012544569838,5.98516590326171,32441.862831678594,31.118922073235353,1.4930245450736415,8.312461519980582,2.454491845127872,0.0,0.9907358367487329,0.009240825674822496,1.657147366188604e-05,0.6876770818045933,0.3123223680068074,29.18342876291858,0.0,0.0,0.9899417721840075
517,4541700.038756735,49.560072954194354,5.985235748138573,32446.756858182576,31.112036966553983,1.492928446157688,8.312487890344357,2.4545434109905506,0.0,0.9903963605901202,0.00957897892216968,1.7798154438646938e-05,0.6876769823117067,0.3123224675103916,29.183428762918773,0.0,0.0,0.9899213280388179
518,4541795.091493507,49.56000996438952,5.985319840327033,32458.597053686804,31.092353158954154,1.492653591945902,8.31251785986931,2.454601304694591,0.0,0.9899899854114182,0.009983719912517598,1.933029813459093e-05,0.687676861802762,0.3123225880322891,29.18342876291863,0.0,0.0,0.9898854353540816
519,4541909.154777634,49.55993437662373,5.985423224638273,32467.298544614052,31.07938842503115,1.4924724642393181,8.31255249085804,2.4546681250330944,0.0,0.9895002442584845,0.010471437966616202,2.1263546655683105e-05,0.6876767157397198,0.3123227341110262,29.183428762918677,0.0,0.0,0.9898111801880216
520,4542046.0307185855,49.559843671304776,5.985551400135028,32463.718290073568,31.090831628658535,1.4926323388623288,8.31259180979128,2.454743321077605,0.0,0.9889123830717388,0.011056756746505487,2.371474306493255e-05,0.6876765377139648,0.3123229121559022,29.18342876291869,0.0,0.0,0.9898580381753895
521,4542210.281847728,49.559729382602896,5.985710608998835,32456.374474121872,31.110604823111476,1.4929084543355282,8.31263539992264,2.4548237210098565,0.0,0.9882091657630265,0.011756739887860076,2.683895851940945e-05,0.6876763201148851,0.31232312977834487,29.183428762918556,0.0,0.0,0.9898176270688155
522,4542234.9195171,49.559623098060804,5.985704761187892,32455.46914541279,31.1121310117248,1.4929297589369523,8.312642691207067,2.4548392092004634,0.0,0.9881051482843918,0.01186026607111925,2.7307577645079686e-05,0.687676287110945,0.3123231627858276,29.18342876291876,0.0,0.0,0.9899400009868115
523,4542259.557186472,49.55951681351873,5.985727924762011,32446.623509616733,31.12992713727558,1.4931781041738037,8.312649056661169,2.4548515303615006,0.0,0.9880010187207275,0.011963899421469857,2.7781055919549977e-05,0.6876762537959682,0.31232319610438164,29.183428762918567,0.0,0.0,0.9898606737473509
524,4542289.122389718,49.55941362089059,5.985766270054612,32430.395398696153,31.162465338160214,1.493631808448721,8.312656400635197,2.4548654131877745,0.0,0.9878759594903126,0.012088358625134998,2.835557122756369e-05,0.6876762140386116,0.3123232358660057,29.183428762918613,0.0,0.0,0.9898524981379266
525,4542324.600633612,49.55931343022983,5.985810767804288,32409.062539874853,31.205102037999055,1.4942256070248163,8.312664995885294,2.4548815473081618,0.0,0.9877257412950671,0.01223785092246263,2.9054047172732913e-05,0.6876761664871385,0.31232328342258187,29.183428762918712,0.0,0.0,0.9899997594588725
526,4542367.174526286,49.559210142766815,5.985862885469743,32394.11547346627,31.235779736162293,1.4946523516742585,8.312675321226981,2.4549010647326397,1.7003863133827556e-28,0.9875454068474644,0.01241730580513077,2.9904845084037566e-05,0.6876761092794285,0.3123233406364316,29.1834287629186,0.0,0.0,0.9899651599741641
527,4542418.263197495,49.55910366278222,5.985919516352404,32378.57525457595,31.267808945720216,1.4950974496432434,8.312687763775578,2.454924819723252,0.0,0.987328926514002,0.012632717704789555,3.0943882479772015e-05,0.6876760402088573,0.31232340971441436,29.183428762918428,0.0,0.0,0.9899029590484201
528,4542479.569602944,49.5589938915981,5.985987519426327,32362.966662202114,31.300427478445414,1.4955502688647302,8.312702709272454,2.4549536158365584,0.0,0.9870689942122912,0.012891347564585594,3.221683265319939e-05,0.6876759572413882,0.31232349269078435,29.18342876291861,0.0,0.0,0.9899714812903392
529,4542553.137289484,49.558877434350954,5.986067501639169,32344.486103630792,31.33909139585198,1.4960864009555468,8.312720759423634,2.454988835552637,0.0,0.9867566080088715,0.013202139077069928,3.378260067888496e-05,0.6876758574808781,0.312323592461995,29.18342876291849,0.0,0.0,0.9899243909150888
530,4542641.4185133325,49.558750390081336,5.986161508283968,32326.87427489224,31.376643741607136,1.4966064866551654,8.312742163043799,2.455030802134682,0.0,0.9863807041686852,0.013576080590109646,3.571769469086118e-05,0.6876757370981109,0.31232371285767085,29.183428762918584,0.0,0.0,0.9898347188385784
531,4542747.355981951,49.558611796332656,5.98627507889226,32306.435100507122,31.42046620659844,1.4972126246712054,8.312756553932473,2.455046352329556,0.0,0.9859285367604609,0.014025802343127862,3.8119769080675025e-05,0.6876755920306828,0.3123238579406509,29.183428762918687,0.0,0.0,0.9899720412391064
532,4542874.480944292,49.55845304349327,5.986410087740212,32285.05002959387,31.466995445081825,1.497855277266082,8.312793779470631,2.4551282651733373,0.0,0.9853802474888935,0.014571046297578327,4.11340944347113e-05,0.6876754153449821,0.3123240346452881,29.183428762918624,0.0,0.0,0.9899396469109312
533,4543027.030899102,49.558262540086,5.986577125706028,32267.706647493727,31.506889054095804,1.4984055236646785,8.312831063620854,2.4552053651170214,0.0,0.9847290787055746,0.015218279774023596,4.4891532434127346e-05,0.6876751995581394,0.312324250455246,29.18342876291852,0.0,0.0,0.9899494788153615
534,4543038.472145712,49.558102062614815,5.9864579957589745,32248.533337020403,31.540038804796513,1.498862223320678,8.312812362981143,2.4551490788294448,0.0,0.9846808313369527,0.015266225239024267,4.5172160499796505e-05,0.6876751828055718,0.3123242672096071,29.183428762918563,0.0,0.0,0.9899977357804207
535,4543049.913392323,49.557948879574134,5.986478311842934,32228.85488548008,31.579304928671966,1.499402566807033,8.312776925374743,2.455047438697051,0.0,0.9846308920457478,0.015315873156167777,4.5460145633914496e-05,0.6876751662440214,0.312324283772932,29.183428762918606,0.0,0.0,0.9899119419660561
536,4543063.642888255,49.55780691307676,5.986517070170845,32207.106529525892,31.623379246844447,1.500008276407137,8.312756104766537,2.4549876178124723,0.0,0.9845710040670939,0.01537541083670149,4.5806968567065576e-05,0.6876751466631216,0.31232430335592914,29.18342876291867,0.0,0.0,0.9898437342356857
537,4543080.118283375,49.55767534181217,5.986559266188728,32182.76278831854,31.672777188496894,1.5006861456188139,8.312741938302365,2.4549435593329263,0.0,0.9844989207275439,0.015447071127209208,4.62265018297159e-05,0.6876751233502959,0.31232432667125126,29.18342876291855,0.0,0.0,0.9898635383857933
538,4543099.888757518,49.55754759807527,5.986599860036943,32163.86557748251,31.7114875000168,1.5012166140831444,8.312733715207353,2.4549154625805425,0.0,0.9844126674905663,0.015532815996110621,4.6731442375892066e-05,0.6876750954136033,0.31232435461093544,29.183428762918552,0.0,0.0,0.9897903547119593
539,4543123.61332649,49.557423570519795,5.986641123911622,32146.42499275071,31.747414247283473,1.501708358797535,8.312731852100118,2.45490448235559,0.0,0.9843089186140186,0.015635950088842426,4.734298732015291e-05,0.6876750618760751,0.3123243881520555,29.183428762918517,0.0,0.0,0.9898001639225917
540,4543152.082809256,49.557303151038674,5.98668472117139,32127.723308465927,31.785981014345026,1.5022356196532791,8.312737140060396,2.4549130013656257,0.0,0.9841848832261095,0.015759245505527417,4.8080041853904295e-05,0.6876750217891788,0.3123244282432458,29.183428762918627,0.0,0.0,0.9899087550471417
541,4543186.246188575,49.5571826220853,5.986733108290182,32110.772037596802,31.821322144118383,1.50271822018693,8.312749578851394,2.4549410015224202,0.0,0.9840365475944692,0.015906688755311326,4.896991777665774e-05,0.6876749737986021,0.3123244762389594,29.183428762918503,0.0,0.0,0.9899051814640218
542,4543227.242243759,49.55706198356015,5.986788355002525,32093.573187587856,31.85746341932297,1.50321119309578,8.31276890864783,2.4549880441118868,0.0,0.9838589455727713,0.016083209530605446,5.004765186745671e-05,0.6876749164305328,0.3123245336131713,29.183428762918698,0.0,0.0,0.9899539493774727
543,4543276.43750998,49.55693761620786,5.986852108905863,32080.092460837885,31.88658376164551,1.5036079926534138,8.312794953571975,2.4550552504182592,0.0,0.9836477034932157,0.016293140634750305,5.134807928895344e-05,0.6876748480107807,0.312324602040247,29.18342876291857,0.0,0.0,0.989953229878641
544,4543335.471829444,49.5568056737532,5.986925027426972,32071.032528661945,31.907280479971774,1.5038897900013193,8.312825457852272,2.4551328821303984,0.0,0.9833930870660468,0.016546149599666948,5.293989554772225e-05,0.6876747655451562,0.3123246845146988,29.183428762918545,0.0,0.0,0.9898361626867181
545,4543406.313012801,49.556669653077215,5.987011524923021,32054.2849973283,31.943811572244204,1.504386735410175,8.312857632503068,2.455210704589325,0.0,0.9830926614260957,0.016844525504158592,5.486633664540258e-05,0.6876746665389247,0.3123247835315243,29.183428762918563,0.0,0.0,0.9899559669473802
546,4543491.32243283,49.556521266885234,5.9871114589767025,32038.918531755677,31.978139601238574,1.5048531941063312,8.312893313534126,2.4552983656435226,0.0,0.9827330472804552,0.017201607447222884,5.722451427495299e-05,0.6876745469433457,0.3123249031398978,29.183428762918563,0.0,0.0,0.9899720048200403
547,4543593.333736865,49.55635129724715,5.987228401636378,32033.071554816706,31.994121812567315,1.5050701939803297,8.312931407356094,2.4553910842671822,0.0,0.9823028491888682,0.017628659450807573,6.012229407205472e-05,0.6876744038556609,0.31232504624288693,29.183428762918535,0.0,0.0,0.9897088237201923
548,4543715.747301707,49.556170974912924,5.987366687178197,32010.748480265876,32.04386153585474,1.5057448464465597,8.312971126882319,2.455483954682672,0.0,0.9817876180360587,0.018139982135972763,6.370058194466473e-05,0.6876742323378806,0.31232521777900407,29.183428762918613,0.0,0.0,0.9898728759286376
549,4543862.6435795175,49.55596442387553,5.987524856464213,31988.33079019775,32.09463435916966,1.5064324323119458,8.3130143944599,2.455583155031669,0.0,0.9811682459975958,0.01875453286725225,6.814814297332868e-05,0.687674024365165,0.31232542577394545,29.18342876291855,0.0,0.0,0.9899531536553353
550,4544038.919112889,49.555716562630664,5.98770614798431,31969.80295823695,32.138552737761536,1.5070263157329893,8.313062833053241,2.455689599089178,0.0,0.9804177374550809,0.01949914775665605,7.37337592003651e-05,0.6876737701532248,0.3123256800130391,29.183428762918492,0.0,0.0,0.9897103781294873
551,4544250.449752936,49.55543264884109,5.98792096903849,31933.141601355033,32.22035727698781,1.5081303518052365,8.313119431802436,2.455817300921734,0.0,0.9795127601111578,0.020396839987162695,8.076964914136101e-05,0.6876734593128374,0.31232599088660606,29.18342876291859,0.0,0.0,0.9898389953385086
552,4544504.2865209915,49.555091952293616,5.988188417871701,31896.620016309542,32.30412933904037,1.5092580404281635,8.313181312335377,2.4559562206024705,0.0,0.9784308555138549,0.021469593067298145,8.964558694217317e-05,0.6876730808521392,0.3123263693876726,29.183428762918492,0.0,0.0,0.9899720875122836
553,4544808.890642658,49.55466267464379,5.98849558750045,31861.27182027315,32.387299629175175,1.5103747391482543,8.313253889378156,2.4561197688254985,0.0,0.9771361976912447,0.022752647498665405,0.00010093526197260699,0.6876726078361065,0.31232684245410836,29.18342876291838,0.0,0.0,0.989984312275702
554,4545174.415588658,49.554121784805,5.988847158675732,31823.417560154987,32.477538451283316,1.5115831056203697,8.313339528417474,2.4563139351558267,0.0,0.9755838022230682,0.02429022957034652,0.00011541780284793104,0.6876720208864711,0.31232742946621633,29.1834287629185,0.0,0.0,0.9896039547800396
555,4545613.045523859,49.553472716998456,5.98923256145789,31769.987076315163,32.601333559391655,1.5132353652716104,8.313441839894724,2.456549587523716,0.0,0.9737201800861123,0.026134780447310206,0.00013415928852812973,0.6876713036035982,0.3123281468253273,29.18342876291863,0.0,0.0,0.9894723959528753
556,4546139.401446098,49.55272923932915,5.989648057146371,31695.080908501368,32.771284174001586,1.515493459958981,8.313564692388782,2.456835743341566,0.0,0.9714658871263974,0.028364350502926333,0.00015872897738073954,0.6876704482154744,0.31232900230421173,29.183428762918567,0.0,0.0,0.989959666661895
557,4546771.028552787,49.55187761945339,5.9900789758734145,31609.81688270546,32.964666689517614,1.5180486888880005,8.313711739021088,2.457188430755785,0.0,0.9687789241080432,0.031018941586935,0.0001909616292873799,0.6876694398308053,0.3123300107956532,29.18342876291859,0.0,0.0,0.9896325018613926
558,4547528.981080813,49.55090212759571,5.990527792689686,31526.234626137855,33.156818387023094,1.5205728504894662,8.313883743186691,2.4575971610060345,0.0,0.9655658347389434,0.03418912092509003,0.00023371136539378212,0.6876682598199072,0.31233119093117834,29.18342876291857,0.0,0.0,0.9897096217333373
559,4548438.524114445,49.549784746013266,5.990995397048439,31441.46547235748,33.35379838053153,1.523145299175239,8.314088595792112,2.458096656730096,0.0,0.9617203718296105,0.03797721901535743,0.0002908920069676267,0.6876668734438318,0.3123325774532247,29.183428762918616,0.0,0.0,0.9899987670241016
560,4549529.975754802,49.548565784286964,5.991427521261132,31351.07633842886,33.56309563679929,1.5258620104396754,8.314333774321431,2.4587064111170864,0.0,0.9571146746761043,0.04250557663942825,0.000368036066060509,0.6876652766081631,0.3123341744563956,29.183428762918595,0.0,0.0,0.9899891654534254
561,4550839.717723232,49.547345714413645,5.9917981465172865,31255.885324846007,33.78225411786381,1.528688624462014,8.314628769008825,2.4594608936918645,0.0,0.9515715827843881,0.04794325273740844,0.0004733059063920055,0.6876634693031771,0.3123359819501175,29.183428762918613,0.0,0.0,0.9899032914085318
562,4552411.408085346,49.546087933289705,5.992095150822648,31168.415327664123,33.98374932764406,1.5312712916160136,8.314984021902088,2.4603907109386602,0.0,0.9449063483682336,0.05446356836951992,0.0006181301756170811,0.6876613723290104,0.31233807914211564,29.183428762918712,0.0,0.0,0.9894784305770794
563,4554297.436519884,49.5449222508497,5.992305592506122,31063.2568233796,34.22251972288618,1.534311982454029,8.315411015696524,2.4615358717781994,0.0,0.9368970173080856,0.06227195858503337,0.0008190192497261175,0.6876589722023835,0.31234047951648225,29.1834287629186,0.0,0.0,0.9894155512243099
564,4556560.670641328,49.54389336750598,5.992468572809918,30919.161826698804,34.54872484146963,1.5384320226354513,8.315926125015789,2.4629503477119292,0.0,0.9272843236541622,0.07160387978887027,0.0010997648693162583,0.6876562147236187,0.3123432372777102,29.183428762918567,0.0,0.0,0.9896940290543271
565,4559276.551587062,49.54298522914969,5.992617057917391,30739.094466548362,34.96065418819268,1.5435795506117942,8.31654890711264,2.464699464247855,0.0,0.9157589835642505,0.0827340521704576,0.001494917343239519,0.6876529830815353,0.3123464692477851,29.183428762918474,0.0,0.0,0.9895302635206807
566,4562535.608721944,49.542238154009326,5.99279760616914,30480.533249732296,35.56369219224355,1.5510068427221828,8.317303926590515,2.4668641577734567,0.0,0.9019504778604017,0.09598245685186026,0.00205500774496958,0.6876491982419007,0.31235025446718523,29.183428762918627,0.0,0.0,0.9897474818679457
567,4565308.058360723,49.54163151184727,5.99300844177815,30219.52595184268,36.18945868277924,1.5585820870363518,8.31795400667743,2.4687538162810365,0.0,0.8902200452413633,0.1071725564928358,0.0025953341103352352,0.6876460520223011,0.3123534009993135,29.18342876291863,0.0,0.0,0.9898736104327797
568,4567867.045617343,49.5411364790503,5.9932128903920106,29957.14449835368,36.834839137286345,1.5662587775724304,8.318559238851822,2.470533359326521,0.0,0.8794087104984626,0.11742955001753003,0.0031496703720517265,0.6876431976853324,0.3123562556170923,29.183428762918577,0.0,0.0,0.9899930694728494
569,4570327.24490056,49.540715720391475,5.9934597817414605,29690.750828910477,37.50944956545194,1.5741406911184421,8.319147856182127,2.4722768227516183,0.0,0.8690293912180317,0.12722338960862792,0.0037351460125854123,0.6876404662970452,0.3123589872715068,29.188962844422388,0.0,0.0,0.9897958217487508
570,4572741.220597909,49.54036104195004,5.993712365807369,29416.62447079705,38.22290323833135,1.5823236710104938,8.319730115086921,2.4740141324141516,0.0,0.8588601607139138,0.13676652233685963,0.0043612403175382255,0.6876377940679078,0.31236165975842695,29.18896284442251,0.0,0.0,0.989836928654651
571,4575134.139731422,49.54005899876345,5.993996931908463,29132.901963672684,38.98379656674559,1.5908841320544829,8.320312938087065,2.475762606920957,0.0,0.8487947019461095,0.14615956242564973,0.005033655925375408,0.6876351497172873,0.3123643043614908,29.188962844422296,0.0,0.0,0.9898429857888539
572,4577518.373449645,49.5397929343618,5.99429331143662,28838.65356844423,39.796956154448125,1.5998498565993415,8.320897978003595,2.477525474344601,0.0,0.8388082042238251,0.15542468904836032,0.00575500806642766,0.6876325083155637,0.3123669460126045,29.188962844422548,0.0,0.0,0.9898168360980633
573,4580379.453911513,49.53953461001546,5.994703671361385,28495.582086899914,40.78025441210442,1.6104499308444857,8.3216049998024,2.4796636063104787,0.0,0.8268866186986048,0.16640552211290566,0.006695718413742824,0.687629304086917,0.3123701505394426,29.188962844422424,0.0,0.0,0.9896575392185115
574,4583812.750465754,49.53929520098903,5.995180652891133,28066.69113801991,42.05920470959661,1.6238610564268798,8.322459860460237,2.4822587020802747,0.0,0.8126727581773796,0.17938043190734332,0.007934595285316788,0.6876254342673216,0.31237402071222614,29.188962844422356,0.0,0.0,0.9898336067187199
575,4586688.010413044,49.539064630267895,5.995622218947347,27692.782844490117,43.224608663982416,1.6357310700583405,8.323185947462894,2.4844861053082323,0.0,0.800801349366543,0.1901336248109173,0.009052749241268126,0.6876221594001367,0.3123772958729217,29.188962844422367,0.0,0.0,0.9899448863733689
576,4589325.240742847,49.53885314744197,5.99602611523328,27334.870174794363,44.38458743050961,1.647232187323539,8.323857107117338,2.486544310246186,0.0,0.7899507150388827,0.19989035198221217,0.010146601028023634,0.6876191338298491,0.31238032170942454,29.188962844422367,0.0,0.0,0.9898887301072602
577,4591854.788904166,49.53865029978492,5.996438916317572,26983.697056760957,45.5690226599931,1.6586697141667446,8.324509167626156,2.488552035479526,0.0,0.7795539074644294,0.20917329309148264,0.011260431429632076,0.6876161933294079,0.31238326246358733,29.18896284442247,0.0,0.0,0.9898281328132671
578,4594334.954435563,49.53846045252877,5.996837432565826,26630.384305399773,46.80766851411833,1.6703170094959492,8.32515265529131,2.49054395823275,0.0,0.7694102215072974,0.2181633998623339,0.012413972099691056,0.6876132755806657,0.3123861804588227,29.188962844422395,0.0,0.0,0.9898534969763064
579,4596794.457178606,49.53826277365072,5.997298572265308,26282.996629009816,48.07869690332303,1.6819526882924074,8.325798615018,2.492534932568444,0.0,0.7593549658650973,0.22700956711631942,0.013623030546424027,0.687610318861882,0.3123891374216807,29.188962844422548,0.0,0.0,0.9899426256553818
580,4599246.953832599,49.53803609051056,5.997756364656188,25966.018712239827,49.285663974938586,1.6927206117317015,8.326451569691095,2.4945618256322186,0.0,0.749316697988594,0.23577438203515064,0.0148964638760518,0.6876072808392489,0.3123921756887886,29.18896284442243,0.0,0.0,0.9897625003314295
581,4601695.482376579,49.53780977414099,5.99818110062114,25637.461306327747,50.58172957100394,1.7039936753504337,8.327108434719598,2.496602069323022,0.0,0.7393272958826587,0.24442614469525645,0.016234078790538137,0.6876041998775818,0.31239525689153913,29.18896284442245,0.0,0.0,0.989702438938458
582,4604633.716629354,49.537583252029265,5.998690521295491,25219.71107825206,52.30198932150897,1.7185182076994643,8.327904338922277,2.499064751893437,0.0,0.7273859907027821,0.2546645357047439,0.017936956953230776,0.6876004186023794,0.3123990384518106,29.188962844422434,0.0,0.0,0.9899153801529277
583,4608159.597732685,49.53727065151508,5.999402249564121,24758.010309624457,54.315378057123006,1.734922806749448,8.328872724301409,2.5020491769196647,0.0,0.7131132762124098,0.2667490821911975,0.020125079718140818,0.6875956025952255,0.3124038548042825,29.188962844422537,0.0,0.0,0.9898204150059117
584,4611108.131225249,49.53691251495557,5.999982811995404,24371.06966902268,56.09128436226008,1.7488953844747723,8.329691445319478,2.50456939954462,0.0,0.701239872668158,0.2766909725838997,0.02205654986686029,0.6875914171850994,0.31240804050093535,29.18896284442245,0.0,0.0,0.989643076645518
585,4613810.642210576,49.53653502282698,6.000510035817193,24001.174622337126,57.86862793839623,1.7624431853902027,8.330448116255926,2.506894765827187,0.0,0.6904269031066049,0.28564771237141906,0.0239127307979324,0.6875874473070017,0.31241201063867113,29.18896284442247,0.0,0.0,0.9898530071570013
586,4616405.413085565,49.53613633577456,6.001003298998524,23634.4253825305,59.71242579627477,1.7760647146005846,8.331182817813753,2.5091553343449413,0.0,0.680075717599263,0.2941326171921458,0.025778964632751217,0.6875835019197362,0.312415956272281,29.188962844422555,0.0,0.0,0.9898837488945289
587,4618953.900828348,49.535705602570445,6.0014882921338675,23273.844673802774,61.61139522915128,1.7896610437789702,8.331910642335322,2.5113961980558064,0.0,0.6699557136659621,0.30233887735077924,0.0276926599578958,0.6875794431614561,0.31242001527215296,29.188962844422417,0.0,0.0,0.9899560608292577
588,4621484.328848367,49.535256537692455,6.001967060175939,22909.77666732102,63.62019264642223,1.8035949798476012,8.332640168486883,2.513644074684878,0.0,0.659947416798478,0.3103647871501621,0.029675002805912985,0.6875752515374073,0.3124242071337341,29.18896284442251,0.0,0.0,0.9899324142227953
589,4624011.187296022,49.53476326315207,6.002430286234323,22552.98928005183,65.68407329314492,1.8174600770267886,8.333375786399426,2.515912389856909,0.0,0.6499817548833188,0.31826584709855194,0.03173956606917091,0.6875708698968123,0.31242858901031045,29.188962844422456,0.0,0.0,0.9897860161781492
590,4627043.417433209,49.53423994370787,6.002943551489183,22128.251172840428,68.27013346260436,1.8342307518631897,8.334264507788797,2.518660233640939,0.0,0.6381104735848374,0.32753945605935103,0.03433719152945505,0.6875653457885536,0.3124341133978724,29.188962844422473,0.0,0.0,0.9899902448335528
591,4630682.093597832,49.53358056120816,6.003591131534318,21619.532973941055,71.5741353913157,1.8547561104896744,8.335347991740237,2.5220003332653396,0.0,0.6239160535747301,0.33843146805385915,0.03763955390681342,0.6875581793212557,0.3124412802004076,29.18896284442243,0.0,0.0,0.9898610497532067
592,4633733.615322159,49.53279532770492,6.004174221020783,21191.220863057046,74.54668155306686,1.8724283155922563,8.336272735926467,2.5248500087274564,0.0,0.6120316066984044,0.3474102481038453,0.040545191503371,0.6875518194995385,0.3124476403005151,29.18896284442247,0.0,0.0,0.9896479705804
593,4636531.726141232,49.531967299546075,6.0047061182491435,20785.566645829505,77.53226704591928,1.8894824829394345,8.337129585500847,2.5274946680635204,0.0,0.6012029489597079,0.35546281029646015,0.04332126453681687,0.6875457414725861,0.3124537185777478,29.188962844422463,0.0,0.0,0.9894560655946286
594,4639216.399109566,49.53109339445271,6.00520825853763,20384.292538276168,80.66144604266994,1.9066660034727758,8.33796257747637,2.530065672419531,0.0,0.5908332582815634,0.36305778934732524,0.04609595690902596,0.6875396551021505,0.3124598051846908,29.18896284442246,0.0,0.0,0.9897416889126811
595,4641851.515879043,49.53014984334128,6.005689542809899,19985.72319015124,83.95724833621867,1.9240581963231853,8.338789623062636,2.5326142759430716,0.0,0.5806869456052439,0.37037336436752455,0.04892667580671336,0.687533410144466,0.31246605037178965,29.188962844422324,0.0,0.0,0.9897228133016394
596,4644465.507878701,49.52912025763426,6.006155595103672,19588.616842845993,87.44267111302202,1.9417234155464929,8.339621640915038,2.5351781600172867,0.0,0.5706318070916462,0.37750870281879506,0.05184645672567245,0.6875269492436954,0.31247251149724087,29.18896284442264,0.0,0.0,0.9898029502153788
597,4647071.685931141,49.52799109884555,6.006644338704119,19189.277773239624,91.17128400664392,1.959858071209317,8.340461269301398,2.5377632226691142,0.0,0.5606453333923105,0.38447301101576753,0.05486860166959891,0.6875202319275566,0.31247922903473224,29.188962844422463,0.0,0.0,0.9898006487509898
598,4650199.099594068,49.5263651101898,6.0073633111696,18736.09748935798,95.71423695816911,1.9809765414602643,8.341484249589161,2.540914882647311,0.0,0.5487266095009684,0.39260251961795384,0.0586577893320069,0.6875115330251582,0.3124879282062664,29.188962844422484,0.0,0.0,0.9892423286235155
599,4653911.894911012,49.52414522236086,6.00819588519347,18195.50852150987,101.5833915043235,2.006822708266404,8.342709913476714,2.5446733156424965,0.0,0.5347353791962645,0.40186996453394846,0.06338153790435815,0.6875007772027345,0.3124986843378695,29.18896284442258,0.0,0.0,0.9899979444476784
600,4657042.086029087,49.52167477952865,6.008885274204839,17714.823163487854,107.25613800936146,2.030422155190731,8.343754232530644,2.547864242565504,0.0,0.5230667797429112,0.4093944329940423,0.067525634934135,0.6874915019626192,0.31250795982912183,29.188962844422534,0.0,0.0,0.9894630714749477
601,4659932.089904074,49.519051767881145,6.009558896786084,17254.49656461441,113.14308716366163,2.053628024500302,8.344723292717608,2.5508135949847603,0.0,0.5124493817295486,0.41605341612484614,0.0714840167299091,0.6874827950168575,0.31251666699860514,29.18896284442243,0.0,0.0,0.9889814488615821
602,4662675.302908579,49.51656198586917,6.01010107112923,16802.029791531382,119.39336582627512,2.076980195594969,8.34565592105262,2.553650121831126,0.0,0.502389739671463,0.42221551330555696,0.07538152615309712,0.6874745268085345,0.31252493540969817,29.188962844422456,0.0,0.0,0.9899349846313222
603,4665268.348751929,49.51397314906538,6.010603044637757,16370.280934078994,125.84686991762739,2.0998424181807063,8.34654871362728,2.556363632906762,0.0,0.4929191510957168,0.4278771655974301,0.07919042519510801,0.6874665318786036,0.3125329305276899,29.188962844422516,0.0,0.0,0.9888658399615454
604,4667728.966932505,49.5113936937625,6.011076520930368,15953.934355857778,132.57322458999457,2.122455819792626,8.347404617072456,2.558963684820935,0.0,0.4839881026336029,0.4330820247879777,0.08291657580470871,0.6874590212321438,0.31254044134431946,29.188962844422562,0.0,0.0,0.9886105016447201
605,4670079.801457613,49.50880610570786,6.011524046875978,15548.204052756699,139.6544314385757,2.145054721052316,8.348229502862932,2.5614695398121228,0.0,0.47551175856442196,0.43789521290560723,0.08657969138734117,0.6874518518099174,0.31254761092352573,29.188962844422473,0.0,0.0,0.989241390447225
606,4672327.838336504,49.506084224332,6.012022599756518,15154.82583800017,147.08302771051098,2.1675625612596052,8.349024468757863,2.563877683196107,0.0,0.4674760166377431,0.4423351132162786,0.090175491242408,0.6874450647394688,0.3125543981380717,29.18896284442264,0.0,0.0,0.98898910690781
607,4674479.918243206,49.503217956033794,6.012471604223894,14776.256178585376,154.79614434666016,2.1897601390999517,8.349794425720715,2.566209346392169,0.0,0.4598067003593475,0.4464687557988477,0.09371112083942165,0.6874385449452857,0.31256091806683084,29.188962844422402,0.0,0.0,0.9888804884794143
608,4676548.932334018,49.50046231974048,6.012893449858498,14396.620241218963,163.1468857480562,2.2125787881125967,8.350539415763313,2.568463546842693,2.0280200004843928e-29,0.452490663960665,0.4503044914709755,0.09719137577698249,0.6874324487151904,0.3125670144195959,29.188962844422523,0.0,0.0,0.9887463484476778
609,4678528.253585145,49.49769433281619,6.013273742692018,14024.052945770904,172.00574270113384,2.235542946801616,8.351257651161891,2.570636462809166,0.0,0.44553111473645246,0.45385696580026524,0.10059840320239653,0.6874267211942341,0.31257274205316554,29.188962844422417,0.0,0.0,0.9887016417240584
610,4680407.226578524,49.494935295440385,6.0136229705369235,13661.142510104135,181.33874363032675,2.258490602480785,8.351942583396808,2.5727043981746998,0.0,0.4389738386448967,0.4571117991462217,0.10390079758884355,0.6874214291451844,0.3125780342041485,29.1853069264498,0.0,0.0,0.9884296042060202
611,4682191.128655725,49.492315857841696,6.01394959780954,13299.558809074266,191.405093815123,2.2819534913633057,8.352599722559516,2.574691753021023,0.0,0.43276773746212743,0.46011533605917887,0.10710331221689211,0.6874165692118899,0.31258289422933944,29.1853069264498,0.0,0.0,0.9895530867851009
612,4683875.094738588,49.489843163780314,6.014252860492753,12943.559635751748,202.1492494035757,2.3056721331023398,8.35322372739377,2.576572015781397,0.0,0.4269316283842753,0.46286849339419817,0.11018621364373936,0.6874121564163423,0.3125873071069731,29.18530692644958,0.0,0.0,0.9896294792370224
613,4685453.4242914235,49.48752558378158,6.014520295672851,12595.34898557521,213.54671659036845,2.329492898274445,8.353813723158861,2.578356329617971,0.0,0.42148598330858794,0.4653725231583837,0.1131277786465758,0.6874081728942227,0.31259129070213154,29.185306926449787,0.0,0.0,0.9899693491549334
614,4686929.288025294,49.48535846205195,6.014763247643873,12256.614722926335,225.57642807667222,2.353293715474942,8.354369415832847,2.580039622660998,0.0,0.4164086881781927,0.46765142120765063,0.11592612563408843,0.6874046095571675,0.31259485410369364,29.185306926449872,0.0,0.0,0.9892248939175302
615,4688308.505138541,49.48342530874421,6.014982416141341,11921.390621826598,238.50117991431011,2.377490531925426,8.354891449731621,2.581621657561111,0.0,0.4116850751734698,0.46971983167138337,0.11858127869296325,0.6874014457920506,0.31259801792544917,29.1853069264497,0.0,0.0,0.9889694742169038
616,4689592.212894539,49.48170780995819,6.015182964430539,11589.027275905308,252.43564144659751,2.4021506730396056,8.355381601970567,2.583110011119997,0.0,0.4072936364107809,0.47160193833150693,0.12109056203196611,0.6873986233344621,0.3126008404330719,29.185306926449748,0.0,0.0,0.988943470963277
617,4690777.368120936,49.480194241308936,6.015365334228707,11259.78884584987,267.47015870418403,2.4272753353926153,8.355837448874597,2.5844964024548274,0.0,0.40324476536951354,0.4733014599036874,0.12343986408236518,0.6873961622102304,0.31260330160056393,29.185306926449762,0.0,0.0,0.9893537028034581
618,4691863.252590161,49.47887048780364,6.015526048218347,10935.028822975484,283.6457761608178,2.4527763207626725,8.356257748846204,2.5857774984808923,0.0,0.39954177498352533,0.47482441084201166,0.12561985802302497,0.6873940334223493,0.3126054304255928,29.18530692644974,0.0,0.0,0.9893448949187506
619,4692851.530191807,49.477720484553,6.015669191735582,10613.435812413276,301.1450723971726,2.4787757612531527,8.356641515768152,2.586948694913751,0.0,0.39618579891276,0.476175246469831,0.12762495543911115,0.6873921909773762,0.3126072729025186,29.185306926449762,0.0,0.0,0.9899296312817254
620,4693744.616308293,49.47668125029803,6.015797111365039,10301.378993042672,319.7135080280289,2.5047609857809228,8.356990126740268,2.5880134696055217,0.0,0.3931573039096293,0.47737283480760356,0.1294558217046383,0.6873906183998286,0.31260884550719303,29.185306926449794,0.0,0.0,0.9894234919786237
621,4694549.182440404,49.4757875776286,6.015906315553311,9988.766745783154,340.0811614222088,2.531582575134775,8.357304265273935,2.588972488454114,0.0,0.39044201868385686,0.47842545251577373,0.13111845174262146,0.6873892707391971,0.31261019319096595,29.18530692644969,0.0,0.0,0.9895075115902001
622,4695268.815388823,49.47502457790177,6.01600409280146,9664.775534859029,363.3052412973408,2.5602716633460436,8.357584601672068,2.58982584024351,0.0,0.3880295532080863,0.47934146268618044,0.1326148727422373,0.6873881067785103,0.3126113571715623,29.185306926449766,0.0,0.0,0.9898172362117098
623,4695897.771279389,49.47429103382054,6.01608733145044,9347.540494046627,388.4204760165136,2.5893021161550887,8.357831189384155,2.5905775242930495,0.0,0.38592265347031923,0.48013096679325606,0.13393223755683165,0.6873871140639407,0.31261234990305636,29.18530692644952,0.0,0.0,0.9890914695113875
624,4696439.7603090275,49.4736876507256,6.016157933801101,8983.324392351149,420.5890509448397,2.6238579626533647,8.35804536047634,2.5912312355130713,0.0,0.38410180691435103,0.48080801180651683,0.1350760117827609,0.6873863070851534,0.3126131568955652,29.18530692644972,0.0,0.0,0.9899514760637013
625,4696887.120378347,49.47309000873267,6.016218946191054,8600.861960311468,458.85839208782943,2.661678678950041,8.358220690075454,2.5917662188101462,0.0,0.38261500829265305,0.4813492883249204,0.13602151120185063,0.6873856465367307,0.3126138174551951,29.185306926449673,0.0,0.0,0.9892532164006651
626,4697245.008433802,49.472564083778906,6.016275789622451,8144.8101983546685,511.71614468491896,2.7090291192135942,8.358360726882715,2.59219382503373,0.0,0.38142717309092256,0.4817778683838421,0.13678074793350717,0.6873851253123441,0.31261433868841076,29.185306926449755,0.0,0.0,0.9885706481249981
627,4697531.318878166,49.47208023282144,6.016314950543866,7709.52970506633,571.1561584174311,2.7567548638799453,8.358471614524928,2.592532441969396,0.0,0.380489847575077,0.4821086491409401,0.1373872780285972,0.6873847095557923,0.3126147544519952,29.185306926449677,0.0,0.0,0.9883119327335065
628,4697760.367233657,49.471710746635736,6.016348983635362,7458.80766299157,610.2233700227099,2.785488836012964,8.358561103279133,2.5928061369491715,0.0,0.3797321973019374,0.48237802434426363,0.13787554109059952,0.6873843894699756,0.3126150745432209,29.18530692644974,0.0,0.0,0.9890138533208146
629,4697943.605918051,49.471415157687176,6.016366112583991,7344.94277820372,629.3023937701495,2.798859383740477,8.358632471907592,2.5930242855148546,0.0,0.37913036888026097,0.4825893801520073,0.13826600410426748,0.6873841457970207,0.3126153182202903,29.185306926449783,0.0,0.0,0.989076672664206
630,4698163.492339322,49.471180860694965,6.016372722456421,7279.860738947831,640.6095063333102,2.806593379094376,8.358718304384837,2.593286564829121,0.0,0.3784091893586716,0.4828410103515752,0.13873554181150624,0.6873838648489724,0.3126155991730784,29.1853069264497,0.0,0.0,0.9888995296712578
631,4698427.356044848,49.4710102974135,6.016373990204554,7236.64104783726,648.2851797330595,2.81176609343119,8.358820389406837,2.5935963942722706,0.0,0.3775518596649269,0.48313496638152315,0.139298901531553,0.6873835355413298,0.31261592848627145,29.18530692644975,0.0,0.0,0.9890311096744505
632,4698743.99249148,49.470880218243146,6.016393277417753,7204.008281931591,654.1862214521781,2.8157013927233794,8.358944947598053,2.5939753771673444,0.0,0.37651605001442345,0.4834906366494935,0.13997902379963234,0.6873831623016329,0.31261630173225247,29.185306926449694,0.0,0.0,0.9895513613203912
633,4699123.956227437,49.470765404562215,6.016441864516626,7174.790376713079,659.5620500246102,2.819255659193452,8.359094986446802,2.5944329953207053,0.0,0.37526969048935316,0.4839164175052273,0.1407995815094005,0.6873827371337508,0.3126167269072842,29.1853069264498,0.0,0.0,0.9898456814267891
634,4699579.912710587,49.470653930915624,6.016504453973269,7145.117369293795,665.0995493962477,2.8228866536005173,8.35927433729952,2.594978449695465,0.0,0.3737778031272992,0.4844191892309319,0.14178867154938687,0.6873822508659766,0.31261721318322355,29.185306926449723,0.0,0.0,0.9893742583025527
635,4700127.060490365,49.47053901171996,6.016573356527906,7112.816612946787,671.2072146004659,2.8268566159439037,8.359491666130072,2.595638064785273,0.0,0.37197630643843044,0.48502358194946416,0.14298574381329196,0.6873816945577783,0.312617769500747,29.18530692644963,0.0,0.0,0.9895674322266216
636,4700783.6378261,49.47040737700492,6.016666020772531,7074.503766152732,678.5692995509976,2.8315942070078877,8.359753803323002,2.5964340390936904,0.0,0.3698145909716572,0.48573781022948437,0.14443319181814054,0.6873810522298003,0.31261841183946987,29.18530692644967,0.0,0.0,0.9895553567108142
637,4701571.530628982,49.47024941534687,6.016765573807871,7025.888017739225,688.0713908026624,2.8376335007691704,8.360071991524679,2.5974016824439166,0.0,0.36720443758825094,0.48659117590759965,0.14618993049122753,0.6873803142981652,0.31261914978341954,29.18530692644967,0.0,0.0,0.9895926990817068
638,4702517.00199244,49.47005038365774,6.01686404836418,6961.273146063648,700.9835640798384,2.8457078352090077,8.360455991197234,2.5985753481064675,0.0,0.3640706792812121,0.48759280984605036,0.14832199345689553,0.6873794478207039,0.31262001627529956,29.18530692644961,0.0,0.0,0.9889629286862339
639,4703651.56762859,49.469822401904736,6.016943536633511,6860.998909078369,721.6892373229336,2.8583502286369535,8.360924868366702,2.6000165520069984,0.0,0.36027808738661277,0.4887842607171262,0.15092305631441513,0.6873784591903573,0.3126210049220468,29.185306926449716,0.0,0.0,0.9897210859282276
640,4705013.04639197,49.469628014487725,6.017010482745492,6691.05945135375,758.8721674812356,2.8801686248636242,8.361492164515411,2.601765545620835,0.0,0.35572575843131604,0.4901636859880493,0.15409586031908576,0.6873773547631602,0.31262210936750395,29.185306926449694,0.0,0.0,0.9899400768866893
641,4706401.771555838,49.46918763604454,6.017039918055838,6508.059914416591,802.1766845011664,2.904270034933537,8.36207427059738,2.6035637230484516,0.0,0.35110461777615826,0.4914999471119136,0.15738063216180306,0.6873762471910139,0.3126232169579059,29.18530692644961,0.0,0.0,0.989648598032143
642,4707692.989428588,49.46784167513462,6.017001972140405,6309.889176027836,853.3175618684774,2.931110683806887,8.362618399316874,2.6052462368550255,0.0,0.3468224838117156,0.49268446636143937,0.16047814113038927,0.6873752011007561,0.31262426306535834,29.1853069264497,0.0,0.0,0.9887081380318071
643,4708276.006325786,49.46463474598688,6.016946759815506,6229.049545102317,875.5540683137885,2.9422829703455387,8.362863918675668,2.6060046549489746,0.0,0.3449100773191905,0.4931938706279879,0.16188109478518145,0.687374660579835,0.31262480359515193,29.18530692644977,0.0,0.0,0.9883143686369261
644,4708859.023222984,49.45613317681623,6.016811197069232,6144.002065823686,899.8208524822904,2.954156053302829,8.363107381143312,2.606757369654246,0.0,0.3430136763892645,0.4936817997704558,0.16328951705406788,0.6873741498777762,0.31262531430558405,29.18530692644964,0.0,0.0,0.9870112967894936
645,4709208.833361302,49.4426105808934,6.016638530763236,6097.24504095946,913.4927985036062,2.9607051279529535,8.363252499725766,2.607207051507919,0.0,0.34187724155251087,0.4939701442095863,0.16413757730582307,0.6873738079987942,0.3126256561901677,29.18530692644963,0.0,0.0,0.982339880133013
646,4709383.738430461,49.42770191888848,6.016384826374732,6070.6901888855655,921.2328896945455,2.964369434674163,8.363323698364932,2.6074275313168145,0.0,0.3413214414076845,0.4941041878100425,0.16455931891193382,0.6873736091368751,0.31262585505534396,29.185306926449677,0.0,0.0,0.9580355713335184
647,4709471.190965041,49.41279325688355,6.016097814881447,6063.209296724559,923.2024500721437,2.9652969483803306,8.363358638930697,2.607535848498655,0.0,0.34104539565677744,0.4941696203493507,0.16476992466292947,0.6873734087582157,0.3126260554372842,29.18530692644963,0.0,0.0,0.7544946477099985
648,4709558.64349962,49.391622956836564,6.015736901158548,6048.016897684828,927.460921455547,2.967295619684646,8.36339305314736,2.607642744373838,0.0,0.3407694054489353,0.49423481419924875,0.16498071353270544,0.6873731412335569,0.31262632296632226,29.1853069264498,0.0,0.0,0.890455371563922
649,4709611.115020368,49.366218596780186,6.015161291554823,6056.292158994261,924.3153628627862,2.9658201714192565,8.363412810464007,2.607704417610944,0.0,0.3406046247290462,0.4942732534436311,0.16510705052170188,0.6873727735980608,0.3126266906078349,29.185306926449776,0.0,0.0,0.2768414377529064
650,4709663.586541116,49.34196898036272,6.014851439199712,6042.802967713481,928.1154725185601,2.9676020128113363,8.363432372441263,2.607765585941631,0.0,0.340439483827345,0.494311894941771,0.16523354542130764,0.6873722429613819,0.3126272212531948,29.185306926449723,0.0,0.0,0.6963046493500643
651,4709726.552366014,49.2837699009608,6.013623200208546,6068.477359648047,918.9783688101688,2.9633052889520055,8.363454413066055,2.60783514096208,0.0,0.34023948978180285,0.4943595371256354,0.16538589182717983,0.6873697517139349,0.31262971254135197,29.185306926449716,0.0,0.0,0.02854226487530837
652,4709802.1113558905,49.28376982345955,6.014862554761505,5947.425580339894,958.1343390576436,2.981426405342804,8.363484336941061,2.607928442989386,0.0,0.3399994491431385,0.4944166023891528,0.16556886063322113,0.6873695220723104,0.3126299421867249,29.185306926449705,0.0,0.0,0.4779577455417223
653,4709892.782143743,49.283769697527475,6.015237504571444,5862.872702485255,986.3952762467407,2.994050983797644,8.36352114956116,2.6080430624519693,0.0,0.3397122851816281,0.49448420668713905,0.16578841240038297,0.6873690676460443,0.31263039662040654,29.18530692644963,0.0,0.0,0.5758628640482719
654,4710001.587089165,49.28376952817999,6.015358242799896,5781.751894766866,1014.4096675702472,3.006213379489161,8.363565757996,2.6081819271568327,0.0,0.3393670702759337,0.4945654822019561,0.16605234225740054,0.6873687701779723,0.3126306940933304,29.185306926449705,0.0,0.0,0.7337488309685927
655,4710132.153023672,49.283769274120246,6.015365652989994,5695.5809744842045,1045.345673445608,3.0192599260890085,8.363619265900658,2.6083487497374054,0.0,0.33895285683072685,0.49466252539595207,0.16636950100279954,0.6873684943056836,0.31263096997011636,29.185306926449687,0.0,0.0,0.9109254365127463
656,4710288.832145081,49.26913952988478,6.015042606528675,5610.5396310332335,1076.874753219057,3.0321651952674475,8.363682747291763,2.6085474565258666,0.0,0.3384541508644278,0.4947795566016392,0.16675116182764776,0.6873675198271963,0.31263194446447623,29.185306926449776,0.0,0.0,0.9785472354863876
657,4710382.839617926,49.259045006362314,6.014877806162653,5560.166897316709,1096.2671696194204,3.0399164083011914,8.363720543203579,2.6086661253877357,0.0,0.33815735548674897,0.49484773025213047,0.166979775208261,0.6873665915508739,0.31263287275589946,29.185306926449886,0.0,0.0,0.9851406743288266
658,4710476.847090771,49.25346514661884,6.014796913894116,5502.038691842701,1119.4490639376445,3.0490043375273106,8.363758094634381,2.608783982051838,0.0,0.33786184814683556,0.4949147091327469,0.16720829531264655,0.687365950008344,0.31263351430885317,29.185306926449613,0.0,0.0,0.9885548480206351
659,4710589.656058185,49.253464227723875,6.0147693225686,5427.802710241642,1150.243307487344,3.0607897150689594,8.363803292096277,2.6089256779659027,0.0,0.33750778564614153,0.4949943419472469,0.1674827149343355,0.6873655008504774,0.3126339634740113,29.185306926449474,0.0,0.0,0.03140596468116244
660,4710725.026819082,49.253464060436976,6.014623215794529,5344.243295600175,1186.2939801754958,3.074192326588957,8.363857858829792,2.609097202223718,0.0,0.3370798594158115,0.49509169441754797,0.16781327648303915,0.687364794563275,0.31263466977266985,29.185306926449723,0.0,0.0,0.012331678984268013
661,4710887.471732159,49.25346385668447,6.014376461964948,5247.912714311066,1229.8954242911218,3.0898681857612686,8.363922706819043,2.6093014896289395,0.0,0.3365686908125564,0.49520608462850135,0.1682100401657641,0.6873639464234846,0.3126355179262041,29.185306926449726,0.0,0.0,0.011164842845727432
662,4710984.938680005,49.25346373095444,6.014222585756921,5194.48036288339,1255.1055098859467,3.0986802361239736,8.363960923192922,2.609421709290458,0.0,0.3362656497483387,0.4952717425602753,0.16844741450967118,0.6873630330323384,0.31263643133213365,29.185306926449613,0.0,0.0,0.010676507916880127
663,4711033.672153927,49.25346366708781,6.014133198850885,5167.5613339866795,1268.085335620418,3.1031484803138754,8.363979724604826,2.609480673800298,0.0,0.33611521173946113,0.4953037010801757,0.16856588961707214,0.6873624400635455,0.3126370243105138,29.185306926449755,0.0,0.0,0.010475305145019893
664,4711082.4056278495,49.25346360270927,6.014031393958549,5140.801296577444,1281.1713621052045,3.1076072223593405,8.36399865680539,2.609540027433363,0.0,0.33596297619674215,0.495336934402743,0.16868488740946858,0.6873619519063123,0.31263751247563476,29.185306926449574,0.0,0.0,0.010238191464837709
665,4711140.885796557,49.25346352484007,6.013910564407333,5109.567920623652,1296.7017292473615,3.112840090009213,8.36402141490637,2.6096114599109392,0.0,0.33578029080867083,0.495376732468402,0.16882776940542635,0.6873614871874367,0.3126379772020133,29.185306926449726,0.0,0.0,0.009894021365884461
666,4711211.061999006,49.25346343052719,6.013749931433856,5072.256515384636,1315.6055872821662,3.119125709231916,8.364048656248082,2.6096970357426423,0.0,0.33556125886297017,0.49542422619836823,0.16899930121409498,0.6873609609975604,0.3126385034003787,29.1853069264496,0.0,0.0,0.009474644510164968
667,4711295.273441945,49.25346331609018,6.013537459361989,5028.77916809701,1338.1252363680373,3.1264967613528154,8.364081341658721,2.609800017693264,0.0,0.3352986873291182,0.49548084753586324,0.16920524369963152,0.6873602660916933,0.31263919831744647,29.185306926449734,0.0,0.0,0.009005748972449441
668,4711396.327173472,49.25346317697671,6.013260157395338,4977.816333972382,1365.2289929147794,3.1352055026722336,8.364120381964787,2.6099233816263823,0.0,0.33498387667995466,0.4955483392439114,0.16945255335328788,0.6873593825960173,0.31264008182734554,29.185306926449737,0.0,0.0,0.008429299586370356
669,4711513.878311196,49.253463012672746,6.012896866715679,4920.612927937341,1396.571540252345,3.1450631876138484,8.364165348899979,2.6100659143759324,0.0,0.33461892953166916,0.49562558929697353,0.1697402396165546,0.6873582824018891,0.3126411820391559,29.18530692644957,0.0,0.0,0.007820620980030463
670,4711639.463441389,49.2534628341132,6.012479487250772,4862.561368923509,1429.429410797311,3.1551627135532945,8.364213410329919,2.610218979529454,0.0,0.33422820173337,0.49570836287580616,0.17004818218462875,0.6873567280705171,0.3126427363954528,29.18530692644966,0.0,0.0,0.007201616316817647
671,4711790.16559762,49.25346261608373,6.011898243392206,4796.617220621669,1468.0206273480826,3.1667321579509715,8.36427045130936,2.6104019507343637,0.0,0.33375995813743675,0.49580668423436397,0.17041809036408107,0.6873546284417386,0.3126448360578062,29.185306926449705,0.0,0.0,0.006524248448826138
672,4711966.541895228,49.25346235584863,6.011093405221835,4725.148323764606,1511.3636477874177,3.1793689720995717,8.364335306394636,2.61060929084466,0.0,0.3332117852379126,0.49592110428585096,0.17085182663375528,0.6873518191205115,0.31264764542377194,29.185306926449716,0.0,0.0,0.0058057033465745604
673,4712152.828080892,49.25346207516437,6.010130757188957,4657.428449777854,1553.9110535829454,3.191426156006943,8.364404123356024,2.6108346080240152,0.0,0.33263106125558173,0.496042418362805,0.17131121885663622,0.6873472659998903,0.312652198616491,29.185306926449634,0.0,0.0,0.005140057595001935
674,4712338.738700293,49.253461789534505,6.009037663820149,4596.6098011201875,1593.2969151271316,3.2022967152773414,8.364470360738316,2.611053771535557,0.0,0.3320564440407272,0.4961590512251016,0.1717691855299604,0.687340924132086,0.3126585405837827,29.185306926449627,0.0,0.0,0.0045489777306874195
675,4712518.751541551,49.25346150823975,6.007782405126582,4544.296874854904,1627.8372115966179,3.2116109720272634,8.364533669348932,2.611265314914303,0.0,0.3314971787274136,0.4962733978790648,0.17221408688727297,0.6873325420323315,0.3126669228134559,29.185306926449655,0.0,0.0,0.004040915111137664
676,4712691.159762528,49.253461235130644,6.006402292336486,4499.80884345515,1657.5482423934204,3.219466177258024,8.364593065349558,2.611466407918566,0.0,0.3309579809792085,0.49638483924819465,0.17264182650776447,0.6873210858965644,0.312678379123847,29.185306926449627,0.0,0.0,0.0036171620901969933
677,4712854.385643285,49.253460973809126,6.00495401723819,4462.025566182562,1682.9300331105394,3.226066060797187,8.364647115929175,2.6116521820032546,0.0,0.3304523790054113,0.4964862006726118,0.17304605119228397,0.6873062453905113,0.3126932198511808,29.18530692644949,0.0,0.0,0.0032642805199595373
678,4713007.629379587,49.253460726465725,6.003481091705167,4430.291921537597,1704.2331908755827,3.2315290191757122,8.364696141242835,2.6118233974840304,0.0,0.32998005090265914,0.4965791506148458,0.17342541441888945,0.6872883742885484,0.31271109121246027,29.185306926449556,0.0,0.0,0.002975051034324627
679,4713152.339200982,49.25346049149298,6.00197567619571,4403.661942905318,1721.9203355810998,3.236013055005062,8.364740715002284,2.6119817106979952,0.0,0.3295361923999602,0.4966649407197081,0.17378346868220526,0.6872677900495133,0.3127316757405816,29.188073967201483,0.0,0.0,0.002734541777627651
680,4713289.931893481,49.253460267155766,6.00046012772711,4380.592079101965,1737.0711109542451,3.239817597642774,8.364782145723565,2.612131633987771,0.0,0.32911360260713163,0.49674658446540654,0.17412440120848582,0.6872442299444558,0.3127552361644356,29.18807396720155,0.0,0.0,0.002534580260775292
681,4713421.255007751,49.25346005242835,5.998955887571849,4360.481306485632,1750.097509018906,3.243062246657207,8.364820548856938,2.6122737486082257,0.0,0.3287107042595478,0.496823892714644,0.17444997834843606,0.6872171440002354,0.312782322458905,29.188073967201582,0.0,0.0,0.002367185837870979
682,4713547.353995693,49.253459845854,5.997533046879084,4342.9635346141595,1761.3567115896412,3.245847318594703,8.364856407980545,2.6124093962429917,0.0,0.32832587280396197,0.49689635267978516,0.17476233738108896,0.6871772899020329,0.31282217704373794,29.188073967201642,0.0,0.0,0.002230302169989964
683,4713669.83898608,49.253459644925464,5.996134306090457,4327.543237516914,1771.077160445281,3.2482374824919513,8.364890482753639,2.6125407325863526,0.0,0.3279534982186903,0.49696543116964237,0.17506562135166528,0.6871282626909314,0.31287120481703984,29.188073967201408,0.0,0.0,0.0021190744307749126
684,4713789.042443769,49.25345944922786,5.9950448517055435,4314.22698379357,1779.79345365543,3.2503696050378315,8.364923637689229,2.612670089558438,0.0,0.32759189200178807,0.4970318437581333,0.1753608031456943,0.6870644554826909,0.31293501269674007,29.188073967201692,0.0,0.0,0.0020384863485386896
685,4713905.819394087,49.25345925726391,5.994301908618216,4303.132617959034,1787.4530925998463,3.2522346536102664,8.364956424982116,2.612799120183046,0.0,0.3272393176439757,0.49709545697495805,0.1756497526792199,0.6869450393942179,0.3130544298274172,29.18807396720166,0.0,0.0,0.0020753312624668396
686,4714022.150537455,49.25345906560093,5.9936124873816405,4293.339833128632,1794.191822641346,3.2538688729673533,8.364989841651438,2.6129312349314864,0.0,0.32688799992738166,0.49715867197211755,0.1759378437843458,0.6868024870344978,0.3131969833190999,29.18807396720152,0.0,0.0,0.002025720241436678
687,4714139.038701927,49.253458872613216,5.99290595935747,4284.367177204789,1800.2498091535672,3.2553327735529125,8.36502411277249,2.6130674318938847,0.0,0.3265349781706498,0.4972219878773751,0.1762275379154161,0.6866551212266243,0.31334435020243107,29.188073967201476,0.0,0.0,0.001979112699673622
688,4714257.292324948,49.25345867702311,5.992187230596192,4275.874447095767,1805.9132614030989,3.2566968871742525,8.365059434505,2.6132086866122046,0.0,0.3261765852871638,0.4972867247656885,0.17652118197514147,0.6865036456452205,0.3134958267954097,29.188073967201536,0.0,0.0,0.0019382410084513595
689,4714376.340292244,49.2534584798056,5.991444809959484,4267.664145966163,1811.3196448732895,3.257995097335088,8.365095591157107,2.613354600662171,0.0,0.32581449688823866,0.4973525859043265,0.17681739713929162,0.686348206137757,0.313651267255973,29.188073967201596,0.0,0.0,0.0018961606281409705
690,4714493.960099424,49.25345828467555,5.990720830900558,4259.894051540083,1816.4187683411592,3.259215980646287,8.365131305492435,2.613499149672787,0.0,0.32545529105486753,0.49741847799794336,0.17711069884491554,0.6861988145845056,0.3138006596582068,29.188073967201646,0.0,0.0,0.0018548031023844058
691,4714609.904401882,49.25345809207663,5.990104606295312,4252.415686711801,1821.5204061179047,3.26043404091681,8.365167931460737,2.6136478382538284,0.0,0.32509847515477086,0.4974851771969253,0.17740080357393848,0.6860557460095763,0.3139437289918184,29.188073967201724,0.0,0.0,0.0018131174144226804
692,4714723.158131,49.25345790365606,5.9898826277004416,4245.337113715687,1827.1327829019067,3.261770109906523,8.365204824607266,2.6137972793328696,0.0,0.3247534117696122,0.4975475161572336,0.17768351632679708,0.6859175423183075,0.3140819333616663,29.188073967201706,0.0,0.0,0.0017844974353020968
693,4714832.111855613,49.253457721870205,5.990331706504248,4238.575803717608,1833.9145870997281,3.263379104935378,8.365243595251231,2.6139510087792313,0.0,0.32441876886602916,0.4976091924687427,0.1779564715842615,0.6857846823467593,0.3142147939348158,29.188073967201646,0.0,0.0,0.0017549638339858086
694,4714937.715800606,49.25345754474671,5.991395804808466,4232.315838211796,1841.5983789717693,3.2651949240073033,8.365282744186594,2.6141038198744364,0.0,0.32410857227901946,0.49765829552797547,0.17821755437593115,0.6856539272404001,0.31434554958946104,29.188073967201753,0.0,0.0,0.0017323310116761188
695,4715041.071679959,49.2534573701108,5.993287506169146,4226.309892312466,1850.8628448998375,3.267374237277961,8.365327705720794,2.614271987753318,0.0,0.3237921779247778,0.497715481760017,0.17847675167165128,0.685527076971541,0.3144724003577787,29.188073967201575,0.0,0.0,0.0016970533124736965
696,4715144.361597365,49.253457193765335,5.99568021977124,4221.06606002974,1860.582675783085,3.2696489728464684,8.365374857864621,2.614444116543572,0.0,0.3234971761695244,0.4977567346163924,0.17873049014568254,0.6854046017005997,0.31459487608754183,29.188073967201586,0.0,0.0,0.0016591846247845756
697,4715250.04264503,49.253457011167654,5.998452221730177,4215.949637372371,1871.0631398002529,3.2720884431943773,8.365430959581023,2.6146415343325917,0.0,0.3231741859134769,0.49781411498924727,0.17899608885828314,0.6852860179049091,0.31471346031017544,29.18807396720177,0.0,0.0,0.0016179952383919083
698,4715359.596199683,49.253456819341906,6.00147937059931,4211.711247690901,1881.3763007379882,3.2744756690162555,8.365492852018702,2.614853974999751,0.0,0.32284538985368516,0.4978687474836607,0.17927024090591248,0.685171427491382,0.3148280511231113,29.188073967201685,0.0,0.0,0.0015814530909193257
699,4715477.680239967,49.25345660968184,6.004565361715485,4207.730335717467,1891.6467719111959,3.276840043624112,8.365564705162198,2.615095123284607,0.0,0.32247849828387876,0.4979362425468279,0.17956962465335613,0.6850548127623156,0.3149446662469182,29.18807396720163,0.0,0.0,0.0015441946150422064
700,4715610.686491259,49.25345637018423,6.007604688118564,4204.5634826633805,1901.138149569844,3.2790136767896363,8.365646098815887,2.615363512388624,0.0,0.32207631431039746,0.4980034627470091,0.17990457418480493,0.6849343290632456,0.3150651503443074,29.188073967201674,0.0,0.0,0.0015147767538974599
701,4715766.888320423,49.25345608506877,6.010101931320792,4201.876676280835,1909.0509655265935,3.2808175228156204,8.36574239388672,2.61567750469998,0.0,0.32158634822372284,0.4980943411996454,0.18030364457447048,0.6848080406589062,0.3151914391577293,29.188073967201703,0.0,0.0,0.001488352048139532
702,4715954.330515417,49.25345573900642,6.012260603287545,4199.670412128809,1915.8126891628049,3.2823530454316674,8.365853000414434,2.6160357188072996,0.0,0.32100402112925935,0.4981978766476449,0.18078241543833407,0.684674648798691,0.3153248314421046,29.188073967201603,0.0,0.0,0.0014661573281823247
703,4716179.261149412,49.253455319562796,6.013984133736833,4197.949265862279,1921.1923845914573,3.2835708564717847,8.365978940571633,2.6164407256448676,0.0,0.32030354969863634,0.49832143207531976,0.18135930617168206,0.684534887594384,0.3154645930833687,29.18807396720165,0.0,0.0,0.001449467131782535
704,4716449.177910205,49.25345481208562,6.01533380280882,4196.530648940206,1925.4811161042537,3.2845392636952155,8.366121634305163,2.616896202789315,0.0,0.31946140857486216,0.4984682699989593,0.18205457859988192,0.6843892633609683,0.31561021776514314,29.1880739672018,0.0,0.0,0.0014356754741555256
705,4716773.078023157,49.2534541990125,6.016441958881807,4195.006655282312,1929.3402824590823,3.285408831978304,8.366284691657645,2.6174121233321244,0.0,0.31844903984645295,0.4986422530889944,0.18289292668415189,0.6842380278125603,0.31576145377277787,29.188073967201724,0.0,0.0,0.0014224330593432726
706,4717161.758158701,49.253453458988815,6.017490562490949,4193.93616325992,1932.6571185703988,3.286154810716823,8.366474455759834,2.6180066089282965,0.0,0.3172287745070581,0.49885003785909615,0.18390536122408574,0.6840809779261373,0.3159185041301433,29.188073967201504,0.0,0.0,0.0014106470872390987
707,4717628.174321351,49.253452566047606,6.018422301049181,4192.877917289675,1935.7081413235449,3.2868398766460123,8.366697062409479,2.6186969885745612,0.0,0.31576275612936094,0.4990936118351321,0.18512774912046234,0.6839185515060661,0.3160809310318378,29.18807396720171,0.0,0.0,0.0013994401763785529
708,4718187.873716532,49.25345148903173,6.019340078778031,4191.835238296606,1938.718666629996,3.28751479185601,8.366961025100435,2.619507476853052,0.0,0.3139994785596041,0.4993788453172046,0.18660572350611068,0.6837509782332191,0.3162485047966471,29.188073967201827,0.0,0.0,0.001389027547977039
709,4718859.512990749,49.25345019002548,6.020232516944378,4190.925798565204,1941.5540095821254,3.288149476127102,8.3672761612101,2.6204659432987762,0.0,0.31187616694979386,0.4997120697839983,0.1883957241723233,0.6835787206989993,0.3164207628321892,29.18807396720174,0.0,0.0,0.0013793324471305256
710,4719665.4801198095,49.253448623453714,6.021085911183888,4190.10592135042,1944.2231645770808,3.288746113255798,8.367651909462396,2.6215982388960275,0.0,0.30933174441851313,0.5000886433673453,0.19056346544649047,0.683402550497094,0.31659693354293317,29.188073967201678,0.0,0.0,0.0013702220311161072
711,4720632.640674682,49.25344673449912,6.021891676279416,4189.325056285197,1946.7531248929297,3.289310880490398,8.36810368838409,2.622949056687967,0.0,0.30626515227847967,0.5005200732349367,0.19319849224580687,0.6832232875714515,0.316776196982959,29.188073967201856,0.0,0.0,0.0013613206489740967
712,4721793.23334053,49.253444457218535,6.022674342017779,4188.4937879911395,1949.2815873864638,3.289874580531029,8.368646214310322,2.624559385357269,0.0,0.3025900964325285,0.5009907314720332,0.19640271833655995,0.6830417013408852,0.3169577837316149,29.188073967201763,0.0,0.0,0.001352954387079973
713,4723185.944539546,49.25344171192719,6.023411160316153,4187.764637154946,1951.6152835281466,3.2903942105090684,8.369298363259704,2.6264846050290327,0.0,0.29819428622690086,0.5014822565112723,0.20030678414875264,0.6828583955302234,0.3171410900626776,29.188073967201735,0.0,0.0,0.0013451267434871608
714,4724857.197978366,49.253438403114544,6.024133511330762,4187.111205798615,1953.8486786689916,3.2908909255220355,8.370083428234118,2.6287923176610763,0.0,0.2929528016547212,0.5019569707844403,0.2050732705394014,0.6826740707460025,0.3173254153679115,29.188073967201742,0.0,0.0,0.0013377401376617538
715,4726862.70210495,49.25343441542253,6.024850290945615,4186.465385375969,1956.065065835034,3.291383296905127,8.371030259545215,2.6315662731913614,0.0,0.286718129388911,0.5023554904165135,0.2109090500676425,0.6824892897139501,0.3175101969202506,29.188073967201852,0.0,0.0,0.0013304526227669528
716,4729269.307056851,49.25342960967485,6.0256038962049905,4185.810735938047,1958.3753491818693,3.2918959338694362,8.372178629487959,2.6349245348471464,0.0,0.2792965629486146,0.5025990937907356,0.21808651278458457,0.6823044367887656,0.31769505036413154,29.18807396720175,0.0,0.0,0.0013233230502978663
717,4732157.232999132,49.25342381723428,6.026421112946257,4185.084339133469,1960.8992861772833,3.2924552884252085,8.373576451203606,2.63900947609124,0.0,0.27047686476795735,0.502550083733225,0.22695453384387448,0.6821197823885374,0.3178797052808947,29.18807396720179,0.0,0.0,0.001315295713476321
718,4735622.744129869,49.25341683367072,6.027349912594137,4184.2037773996235,1963.8235454800845,3.2931024627446943,8.375269150469501,2.6439509794409513,0.0,0.26012549641399324,0.5019249337914633,0.23793008400088417,0.681935448941129,0.3180640392424928,29.188073967201785,0.0,0.0,0.001306153054639914
719,4739781.357486754,49.2534084100301,6.028422456554054,4183.269171177817,1967.1286745964196,3.2938327690903773,8.377325706797743,2.649950443137798,0.0,0.24802630944377857,0.5003697892432798,0.251583003080806,0.6817513976907201,0.31824809100498913,29.18807396720171,0.0,0.0,0.0012965565318799315
720,4743372.67888266,49.25340109374431,6.029340222622193,4182.487471558179,1969.9444271083812,3.2944539747196644,8.379126213578688,2.6551996891483043,0.0,0.23784359912484493,0.49841133852698777,0.2637227182904236,0.6816187635663786,0.318380725497716,29.188073967201706,0.0,0.0,0.0012881446976132378
721,4746656.142430511,49.25339437303725,6.030180428111941,4181.79754039493,1972.501623037342,3.2950173692329767,8.380814711119621,2.6601270993974735,0.0,0.228617279663126,0.496191170287723,0.2751676527687575,0.6815175471785949,0.31848194216626524,29.18807396720181,0.0,0.0,0.0012810317366292745
722,4749749.006296205,49.25338801606254,6.030959420948938,4181.042117260457,1974.9849320109604,3.2955637865602223,8.382431430941393,2.664846195858804,0.0,0.22007771820140745,0.4936661205684054,0.2862305604976956,0.6814379327751342,0.3185615567903551,29.1880739672018,0.0,0.0,0.0012744715668455947
723,4752708.615114345,49.25338190980696,6.031703587117409,4180.457030606759,1977.2310720423925,3.2960574267485407,8.384001332311168,2.6694287780700616,0.0,0.2120571263816371,0.4908445216885159,0.29707086319295317,0.6813742338266316,0.3186252559152477,29.188073967201724,0.0,0.0,0.0012684131691439058
724,4755568.1069217725,49.25337598947829,6.032414417311743,4179.8782436620895,1979.397907721096,3.296533106867826,8.385544555152734,2.6739367916411134,0.0,0.20442488247447813,0.48775415445582015,0.3077913674055228,0.6813227904496094,0.31867669943463683,29.18807396720197,0.0,0.0,0.0012625145705083037
725,4758345.9736146135,49.253370219273755,6.033107407368016,4179.326969790889,1981.500405361366,3.296994165515117,8.387070764620551,2.678396554791461,0.0,0.19711376095778274,0.484411534165451,0.31844275041824216,0.6812809899413917,0.31871850005847985,29.1880739672018,0.0,0.0,0.0012568145549719148
726,4761052.739486168,49.25336457913361,6.033780228716458,4178.757535853424,1983.5763866978364,3.297448929631237,8.388590872788049,2.6828421977945838,0.0,0.19005643308626144,0.4808470948875766,0.32906187130551956,0.6812469045617536,0.31875258553236574,29.188073967201802,0.0,0.0,0.0012512088014860572
727,4763694.493721582,49.25335905788528,6.034432970257584,4178.214867154808,1985.5832742919254,3.297888105858262,8.390113524608612,2.6873075032719567,0.0,0.18320423660356977,0.47708698132878374,0.3396712088796562,0.681219043869433,0.3187804463016984,29.188073967201703,0.0,0.0,0.0012458692550497595
728,4766274.305029498,49.25335365056583,6.035063372731827,4177.683766020384,1987.5301350162292,3.2983137221697874,8.39163122825541,2.6917629468959765,0.0,0.17658806498073987,0.4731198939981031,0.35025113348981324,0.681196245748436,0.3188032444856976,29.188073967201827,0.0,0.0,0.0012405036916297968
729,4768795.587488677,49.25334835136225,6.035693648784831,4177.077545625706,1989.5502363477303,3.2987549096011115,8.393143314224519,2.6962027028771245,0.0,0.17020642105536732,0.4689526584522667,0.36079627538215553,0.6811775632178656,0.318821927067886,29.188073967201685,0.0,0.0,0.001235060050120527
730,4771262.930288763,49.25334315124062,6.03630433960579,4176.527505600031,1991.4739911273284,3.299174638847962,8.394651961975187,2.7006420236105644,0.0,0.1640473232149616,0.4645933260486803,0.37131051552485106,0.6811622146202877,0.3188372757078633,29.1880739672019,0.0,0.0,0.0012294882971864336
731,4773680.450002935,49.25333804269778,6.036897884926936,4175.943414853548,1993.3928348210607,3.2995928928718135,8.39615860970002,2.7050753277595505,0.0,0.15809011567578765,0.4600548037370565,0.3818015466809115,0.6811495812600601,0.3188499091029851,29.188073967201763,0.0,0.0,0.0012235930361603241
732,4776051.474101546,49.25333301955878,6.0374799302624576,4175.287071459425,1995.3562447978377,3.3000204445530428,8.397670690551095,2.7095302471961906,0.0,0.1523019675498442,0.45535604855305567,0.39228317680223,0.6811391599503397,0.31886033044148615,29.18807396720165,0.0,0.0,0.001217155791320707
733,4778378.133524574,49.253328077923676,6.03804219524436,4174.576463186002,1997.3281280308938,3.3004494181441077,8.399179876953683,2.7139793464735518,2.1991441932837012e-30,0.1467162708485014,0.45048538111183184,0.4027336292271817,0.6811305447034244,0.3188689457121921,29.188073967201664,0.0,0.0,0.0012100464133338099
734,4780663.16769422,49.2533232127294,6.038579060603163,4173.748623474878,1999.3559225903289,3.300890113506568,8.40069766192234,2.7184577150486446,0.0,0.14127644213867002,0.44547420641526364,0.4131779973384331,0.6811234424191019,0.31887604801612557,29.18807396720177,0.0,0.0,0.0012015767031108339
735,4782908.850838618,49.253318419825774,6.039093978472712,4172.779891634412,2001.4705137518224,3.301349196335101,8.402217137416907,2.7229438744677195,0.0,0.136012667177952,0.4403104609656766,0.423598073894682,0.681117522388642,0.3188819680629309,29.188073967201646,0.0,0.0,0.0011910477833975825
736,4783460.910905254,49.253317238790174,6.038833887153952,4172.444663846168,2001.192806689335,3.301288933137644,8.402575773616544,2.724001772593596,0.0,0.1347975041046874,0.43899040120526006,0.426131415561247,0.6811163172890232,0.3188831731658768,29.188073967201795,0.0,0.0,0.0011846443313129704
737,4784012.970971891,49.25331605875721,6.039130192173051,4172.134656857595,2002.1731040191676,3.3015016230285887,8.402934685642201,2.7250593685738815,0.0,0.13360683458609035,0.43764730912858546,0.4286632378394135,0.6811152805701597,0.3188842098876028,29.188073967201912,0.0,0.0,0.0011799955788914754
738,4784675.443051854,49.253314640949355,6.039286230434576,4171.717884862105,2002.9329608209944,3.3016664134809197,8.403355556693768,2.7262968543538477,0.0,0.13223534368416787,0.43599226870438046,0.4316873591792609,0.6811142040583466,0.3188852864023879,29.188073967201767,0.0,0.0,0.0011745325054722832
739,4785470.40954781,49.25331293828971,6.039622407249644,4171.369833116088,2004.042707478768,3.30190697239717,8.4038615623207,2.7277821531540027,0.0,0.13061018410484596,0.4339753694646137,0.43532639564690756,0.6811130863832695,0.3188864040805505,29.188073967201817,0.0,0.0,0.00116922152745712
740,4786424.369342958,49.25331089220682,6.039852601106231,4170.990907310538,2004.9381294459238,3.3021009752331008,8.404478996454927,2.729595212832626,0.0,0.12864007548867054,0.43153507069660796,0.43973297156566954,0.6811119416397813,0.31888754882719933,29.188073967201884,0.0,0.0,0.0011629032087588833
741,4787569.121097134,49.25330843439092,6.040153523051417,4170.334495947634,2006.2642825785415,3.3023881414987133,8.405224608258624,2.731783783444378,0.0,0.12630126843034703,0.4285515440438763,0.4450503994779204,0.681110758233227,0.3188887322370207,29.18807396720192,0.0,0.0,0.0011550375346186343
742,4788942.823202148,49.25330548088071,6.040604060076478,4169.740699624928,2007.8769471744656,3.3027370935324183,8.406134365015273,2.7344530498716875,0.0,0.12350109657825176,0.4249062704843232,0.45148947202664774,0.6811095512109531,0.31888993926262665,29.1880739672018,0.0,0.0,0.0011472442294839203
743,4790591.265728163,49.25330192977778,6.041034148759263,4169.270968605083,2009.3240940807352,3.3030499919592726,8.407241307328345,2.7377012481262133,0.0,0.12016808337889126,0.4204302279612123,0.4592901122368686,0.6811083238729075,0.3188911666040607,29.188073967201557,0.0,0.0,0.0011379359719500882
744,4792569.3967593815,49.2532976607076,6.0416788028678905,4168.683585309586,2011.382641848577,3.303494697864548,8.408598260136904,2.7416810443397654,0.0,0.11619807083673817,0.4149167943117577,0.46876221000904533,0.6811070576933681,0.31889243278709556,29.188073967201632,0.0,0.0,0.0011306227541240477
745,4794943.153996842,49.253292524097795,6.0423049081333,4167.852165260169,2013.6361664190285,3.3039810028656733,8.410264145483321,2.746569345507822,0.0,0.11148341462064017,0.40809414346849476,0.4802838207449351,0.6811057772665398,0.31889371321745846,29.188073967201625,0.0,0.0,0.001121600913823239
746,4797663.209823655,49.25328662221501,6.043016626945951,4167.0782810245555,2016.035412081389,3.304498156313403,8.41221803053824,2.7523031130506252,0.0,0.10618331745490812,0.3999914729885476,0.4936653780044686,0.6811045458727412,0.31889494461465623,29.188073967201543,0.0,0.0,0.0011119457618529568
747,4800022.602017061,49.25328148750089,6.043644358567938,4166.608048780732,2017.9483364190894,3.3049100432213465,8.413956602298144,2.75740374041687,0.0,0.10166203682187844,0.39275216072525343,0.5054046948625196,0.6811036136311791,0.31889587685879167,29.18807396720178,0.0,0.0,0.0011044814740241882
748,4802206.422955251,49.25327672267971,6.044189917071775,4165.970168485023,2019.834602184846,3.305315807912277,8.415603120646086,2.7622340353060575,0.0,0.09754400375764784,0.38587257576061285,0.5163797405872435,0.6811028575097172,0.3188966329823408,29.18807396720178,24.383311748434124,0.0,0.0010973808577364873
749,4804296.211257618,49.25327215245016,6.04475128368341,4165.640577079105,2021.4602812213172,3.305665212493401,8.417219143918965,2.766979483871598,0.0,0.09365396847189582,0.3791309015662232,0.5269867783136526,0.6811022281111878,0.3188972623826075,29.18807396720186,24.3913612362582,0.0,0.001091394690463785
750,4806330.353142399,49.253267693867066,6.045303595678908,4165.433834562489,2022.9468758024852,3.305984478001268,8.418831792109025,2.7717137008527826,0.0,0.08991207048114425,0.3724210826532789,0.5374111014121361,0.681101685747725,0.31889780474756746,29.188073967201795,24.390868410472937,0.0,0.0010870361522395211
751,4808327.45914614,49.25326330693333,6.045776957527023,4164.949885202987,2024.5200368885876,3.3063220793840498,8.42045587248761,2.7764855378803044,0.0,0.08627976835686997,0.36569416847807756,0.5477396477195013,0.6811012100994631,0.3188982803971424,29.188073967201735,24.394811016754012,0.0,0.0010819936438115807
752,4810297.042765606,49.253258971871674,6.046277160734415,4164.577581204011,2026.0484536157917,3.306649827443974,8.422099746268445,2.7813200414626964,0.0,0.08274103808821663,0.35892546055488844,0.558012581475246,0.6811007935806233,0.318898696917132,29.1880739672016,24.414458338054672,0.0,0.0010762660174053209
753,4812244.409271642,49.25325467695767,6.046833549003124,4164.214054066988,2027.7006681135279,3.307003844260246,8.423771963618908,2.7862404677432155,0.0,0.07927704476354015,0.35210606655614113,0.5682570099651476,0.6811004271189499,0.3188990633798168,29.188073967201674,24.437851135322664,0.0,0.0010735270927924813
754,4814172.528277821,49.25325041491407,6.047288125759151,4163.843561558482,2029.1231931237203,3.307308414933634,8.42547403971832,2.791255636320009,0.0,0.07588228890466983,0.34523039267153666,0.5784833386420737,0.681100103532126,0.31889938696753395,29.188073967201824,24.45887836882203,0.0,0.0010687326244246415
755,4816083.087219142,49.25324618379786,6.047815591535584,4163.636313222159,2030.557917948701,3.3076153814580636,8.42721173552332,2.796381588434309,0.0,0.07255324597698079,0.33829791719187763,0.5886948268863395,0.681099818574066,0.31889967192638047,29.18807396720174,24.478854240646182,0.0,0.0010651657355602551
756,4817977.3996107355,49.25324197993044,6.048259177977392,4163.190844711581,2032.0299757294326,3.3079301102053176,8.428988597602173,2.801633025037293,0.0,0.06928115979264247,0.3313104524748702,0.5988974907244999,0.6810995770279727,0.3188999134731402,29.18807396720196,24.494098984933313,0.0,0.0010611524037947417
757,4819856.40559119,49.25323780229499,6.048796269068649,4162.793198223152,2033.6753417090076,3.3082816228452456,8.430818358611997,2.807042786810096,0.0,0.06604017170556042,0.32427218410416286,0.6091118382483308,0.6810993619437895,0.3189001285579171,29.18807396720208,24.509302922856726,0.0,0.0010573391896897422
758,4821719.899498254,49.25323365006883,6.0492993085746125,4162.412923293019,2035.2252993928544,3.3086124926114118,8.432698152686537,2.81260810498213,0.0,0.06284798461491352,0.31718556506571816,0.619316477356554,0.6810991703514825,0.3189003201507531,29.188073967201937,24.53131010689424,0.0,0.0010538558453812874
759,4823568.001598639,49.25322952367499,6.049836810497254,4162.046846818652,2036.843388681851,3.308957637715905,8.434635364791076,2.8183504990043002,0.0,0.05969445032182207,0.3100574458577922,0.629513172038891,0.6810989994187707,0.31890049108393653,29.188073967201703,24.57214658623212,0.0,0.0010510403341574515
760,4825401.633704542,49.253225420661096,6.05024442044016,4161.481413373784,2038.3532613202094,3.309279452558985,8.436645020199256,2.824322038064196,0.0,0.05655185506181898,0.3028932882945781,0.63972220848501,0.6810988465211382,0.31890064398199097,29.188073967201948,24.651017713675277,0.0,0.001045674010686045
761,4827220.394913909,49.25322134374267,6.050889946292245,4161.161808942807,2040.1820688502592,3.3096689262340657,8.438751237671323,2.8305914293750076,0.0,0.053394313149267174,0.2956990345478874,0.6499610652706209,0.6810987097149808,0.31890078078852624,29.18807396720198,24.69227785794162,0.0,0.001043126626263859
762,4829018.946005064,49.25321730175498,6.051398259333112,4160.929706919627,2041.604115101756,3.3099715324153745,8.440938570132325,2.837116122433978,0.0,0.05026247647316591,0.28848225554048323,0.6601790434991083,0.6810978021752675,0.31890168833074367,29.188073967201777,24.695150399630755,0.0,0.0010394850906686923
763,4830789.473040592,49.2532133146996,6.051932497464963,4160.468906721567,2043.3127656796514,3.310334848283195,8.443173028002743,2.8437892620924856,0.0,0.047234974219171895,0.28125536615787944,0.6702827518395528,0.6810974928636767,0.3189019976431881,29.18807396720198,24.697631231090014,0.0,0.0010359001549524532
764,4832527.349876117,49.253209392535844,6.052561759268136,4160.311706063671,2044.9481406264733,3.310682298883539,8.44551018492575,2.8507840942550238,0.0,0.044209188822137264,0.2740806927076726,0.6803090925236859,0.6810974334848189,0.31890205702220975,29.188073967201845,24.705334865620596,0.0,0.001034312917142423
765,4834225.712507461,49.25320555016977,6.053047800107426,4159.927017964908,2046.4712043238837,3.3110056381133557,8.447916092282538,2.8579915852587794,0.0,0.04125280285708925,0.26698416763590593,0.6901614939641756,0.6810974153828564,0.3189020751242224,29.18807396720192,24.712646789921116,0.0,0.0010310415281603938
766,4835876.471335023,49.25320180806472,6.053628218469941,4159.547792582152,2048.2125969550816,3.3113750328177356,8.450410620419147,2.8654667809998675,0.0,0.03833873584058154,0.2600196763945021,0.6998097343732739,0.6810974054425377,0.3189020850645684,29.194496925926508,24.71351473436765,0.0,0.001027157856932647
767,4837472.211020432,49.253198182191454,6.0542934298686815,4159.345802357683,2049.980919246473,3.3117498187608603,8.452955624747844,2.8730921247265853,0.0,0.035539605156526884,0.2532128080195033,0.7091526454670815,0.6810973972201152,0.31890209328701336,29.194496925926554,24.71395249068904,0.0,0.0010247622663093641
768,4839006.687187671,49.25319468645459,6.0547960793901145,4158.8820305560475,2051.6250712217457,3.3120979975816325,8.455535440505171,2.880824480891412,0.0,0.03286648187200291,0.24660406929998593,0.7181358653532592,0.6810973897218369,0.3189021007853125,29.1944969259268,24.7143442009197,0.0,0.0010212997579839512
769,4840476.11862626,49.25319133191754,6.055458036618007,4158.531215084569,2053.53565426851,3.31250224764141,8.458145475961866,2.8886467104866718,0.0,0.030325586822545495,0.24022287363724354,0.7267208356141663,0.6810973826687956,0.31890210783837314,29.19449692592696,24.714540056034874,0.0,0.0010192445844063697
770,4841876.9740157565,49.25318812546754,6.055998302162226,4158.21051473283,2055.130323926608,3.31283936741285,8.460772114169473,2.8965202364419302,0.0,0.027923605487868285,0.23409816562098817,0.7348696059485549,0.6810973760754665,0.31890211443172045,29.194496925926597,24.71467062611138,0.0,0.0010174093396644933
771,4843206.664644426,49.253185075294724,6.056551212879629,4157.9617352371315,2056.6850476389727,3.313167790700535,8.463401880788394,2.904404587521841,0.0,0.02566974468706401,0.2282529168438986,0.7425483038407934,0.6810973699654862,0.3189021205417176,29.194496925926956,24.714731830835184,0.0,0.0010155543451677873
772,4844463.670784367,49.253182185529504,6.056995886658076,4157.580999575874,2058.115133450433,3.3134696660647025,8.465985657774604,2.9121517036910065,0.0,0.02360679127023669,0.2226962541330546,0.7497049354029642,0.6810973643410305,0.3189021261661888,29.194496925926646,24.714731830834907,0.0,0.0010121406453834393
773,4845649.5169808995,49.25317945435914,6.05764772644385,4157.385432078204,2059.8540241480555,3.313836444275318,8.46860754326526,2.9200160873468612,0.0,0.021626460564028917,0.21745728716553972,0.7564161390576755,0.6810973591771048,0.3189021313301283,29.19449692592664,24.719159337262134,0.0,0.0010108668757689587
774,4846762.794187372,49.253176883792335,6.058033501134226,4157.121098127716,2061.031169644158,3.314084559805462,8.471192348542951,2.927771648743057,0.0,0.019806200350182514,0.21253324446206517,0.762608931470613,0.6810973544712415,0.31890213603600454,29.19449692592657,24.719305863837434,0.0,0.0010082236568166457
775,4847802.812540874,49.25317447862428,6.0584771366182935,4156.844236005196,2062.358813821085,3.3143642270512026,8.473796249240623,2.935590303143584,0.0,0.01807493457146894,0.20795208683231908,0.7683274731321234,0.6810973502472658,0.3189021402599919,29.194496925926565,24.721250561361764,0.0,0.0010056759858908264
776,4848769.654131901,49.25317223868668,6.058996468757443,4156.603271661172,2063.831539339471,3.314674245028276,8.476326187958765,2.943185789502165,0.0,0.01651848156594593,0.20369771871379638,0.7735067571853578,0.6810973464436706,0.31890214406359735,29.194496925926646,24.721264414989374,0.0,0.0010039485629232828
777,4849665.556099513,49.253170158818286,6.059433615202829,4156.411456477534,2065.061081766856,3.314932902036954,8.478837096159122,2.95072950452016,0.0,0.015062935652619059,0.19978119716981174,0.7782126888099459,0.6810973430070082,0.31890214750026935,29.194496925926657,24.72217840552691,0.0,0.0010025181614667464
778,4850493.612569206,49.253168233127134,6.059704007207922,4156.162240987286,2065.9517745581734,3.31512017958064,8.481305401271305,2.9581481998400143,0.0,0.013725303296824087,0.19618680100107555,0.7824482941311983,0.6810973398946698,0.3189021506126161,29.194496925926824,24.72309239606457,0.0,0.0010003421505498072
779,4851255.099486162,49.25316646026196,6.060259126237522,4155.9765972876685,2067.457245942913,3.3154365373089574,8.483687120360777,2.9653060155847446,0.0,0.012528857280272764,0.1929023887899248,0.7862101705000006,0.68109733708044,0.31890215342685363,29.1944969259268,24.723353536218223,0.0,0.0009990713061294218
780,4851955.181603927,49.25316482680907,6.060519936563688,4155.808438381752,2068.245499537196,3.3156020879839216,8.486038698934482,2.9723774088781725,0.0,0.011413026038457981,0.18991827891224314,0.7895721190959709,0.6810973345308963,0.31890215597640437,29.194496925927023,24.72361668035606,0.0,0.0009977370264926374
781,4852596.881029084,49.2531633279992,6.060868604463259,4155.597214501783,2069.28624122283,3.315820570117237,8.488376875930479,2.9794121982814366,0.0,0.010370991316220724,0.18722149361797044,0.792559447874534,0.6810973322208866,0.31890215828642027,29.194496925926494,24.72518151729294,0.0,0.0009962349003400058
782,4853181.139061242,49.253161961439474,6.0612512927471895,4155.39001692353,2070.404596092906,3.316055223080362,8.490676409144811,2.9863332463069563,0.0,0.009415774786170821,0.184802256065806,0.7951781351799067,0.6810973301384383,0.31890216036887414,29.19449692592667,24.730534890441596,0.0,0.0009948635227310767
783,4853287.074898936,49.253161713279816,6.061300819608106,4155.381375490432,2070.531265362884,3.316081792806065,8.491101083995849,2.987611572626681,0.0,0.009244747043525387,0.18436467891356012,0.7956473033136606,0.6810973297620968,0.3189021607452168,29.194496925926643,24.730667464502936,0.0,0.0009948683545282094
784,4853414.197904169,49.25316141543136,6.061215563168459,4155.378100418206,2070.331305596394,3.316039849166657,8.491622536519833,2.989181633356837,0.0,0.009037456805257724,0.18384199936194517,0.7962062663629886,0.6810973293126951,0.3189021611946198,29.1944969259267,24.73081235185484,0.0,0.0009948015280620416
785,4853566.745510448,49.25316105812816,6.061525173284881,4155.280720321784,2071.1664837485578,3.3162150095971374,8.492267976232148,2.9911249779197746,0.0,0.008786317862201107,0.18321823675716192,0.796870409183442,0.6810973287762446,0.3189021617310714,29.194496925926806,24.730918440042313,0.0,0.000994162695091143
786,4853749.802637983,49.253160628845016,6.061644907093643,4155.242643041769,2071.4899753010545,3.3162828359292824,8.49306797139583,2.9935340156541663,0.0,0.00848290324737074,0.18247464300338487,0.7976561200978088,0.6810973281366094,0.3189021623707087,29.19449692592662,24.731000046340185,0.0,0.000993947657958926
787,4853969.471191024,49.25316011346397,6.061576673696808,4155.150500239649,2071.4191191957116,3.3162679804666784,8.494061584578322,2.9965271463834426,0.0,0.00811794765060717,0.18158941443292287,0.7985800005688194,0.6810973273754272,0.31890216313189285,29.194496925926867,24.731085732953364,0.0,0.0009937590035966318
788,4854174.894217825,49.253159631612704,6.061793163767805,4155.055015905065,2072.030699512004,3.3163961856918682,8.495023862459494,2.999426145943909,0.0,0.007776425642220749,0.18076808691039623,0.7994259089434828,0.6810973266678001,0.3189021638395219,29.19449692592687,24.731151017991593,0.0,0.0009929780550987824
789,4854377.784650471,49.253159155294036,6.062071725630253,4154.971905100711,2072.778239145825,3.316552840604699,8.496008023961155,3.0023912052600514,0.0,0.007439074595085097,0.17996356769854183,0.8002425667547312,0.6810973259736354,0.31890216453368847,29.19449692592685,24.731202021927935,0.0,0.0009924901019504689
790,4854575.304573075,49.25315869107906,6.062017602697076,4154.96810468257,2072.6528771768576,3.3165265736086487,8.49699729558615,3.0053723545083417,0.0,0.00711090673845221,0.1791871090318186,0.801018459914075,0.6810973253021927,0.318902165205133,29.19449692592672,24.731243845155483,0.0,0.0009925088481065934
791,4854767.812706775,49.25315823873493,6.062094818642829,4154.8612296792435,2072.9437804186023,3.3165875239052163,8.497993632144473,3.0083752300195825,0.0,0.006791990585307946,0.17843705910549165,0.8017549020693808,0.6810973246513833,0.31890216585594416,29.19449692592687,24.731267817005754,0.0,0.000991933231629281
792,4854955.01983053,49.25315779869991,6.062409428693853,4154.735940937216,2073.819822755545,3.3167710213962316,8.498994710319804,3.011392269187204,0.0,0.006483851724518728,0.17771410888557182,0.8024505198136808,0.6810973240210619,0.318902166486267,29.194496925926632,24.731277507753344,0.0,0.000991274680160735
793,4855136.874025514,49.253157370716615,6.062396166530892,4154.7172974346495,2073.8067701115706,3.316768287933551,8.499994025978305,3.014404441719472,0.0,0.0061880004785092755,0.1770179338705829,0.803104706794658,0.6810973234113321,0.31890216709599867,29.194496925926675,24.731279675420648,0.0,0.0009911638548122043
794,4855313.376572684,49.253156955345965,6.062482945414174,4154.649386951391,2074.0817729084056,3.316825874918403,8.500991798352675,3.017412247643685,0.0,0.005903400016112869,0.1763484868055777,0.8037190540956881,0.6810973228216051,0.31890216768572716,29.19449692592694,24.731260421435138,0.0,0.000990648315679583
795,4855484.5458330335,49.253156552383345,6.062791912558026,4154.548769500458,2074.9201787936117,3.317001394264374,8.50199785086639,3.020445156780976,0.0,0.005624148143780606,0.1757068877690999,0.8042988356189605,0.6810973222510467,0.31890216825628726,29.194496925926895,24.731250475667334,0.0,0.0009900064370522352
796,4855650.186967208,49.25315616196308,6.062706057149312,4154.5573446661065,2074.7065295091184,3.3169566737572427,8.503005718272714,3.023484237393763,0.0,0.0053545851599786755,0.1750929371136047,0.8048409473435468,0.6810973216973644,0.3189021688099711,29.194496925926735,24.73122930903373,0.0,0.0009901654152250897
797,4855810.137564212,49.25315578507937,6.0626442458824235,4154.510113104343,2074.6060632568783,3.316935642833205,8.504009416799382,3.026511276438614,0.0,0.005097595203993365,0.17450629609082552,0.8053438257007046,0.6810973211658126,0.3189021693415243,29.194496925926945,24.731214772912274,0.0,0.000989697627407917
798,4855964.504414561,49.25315542143089,6.0630989634589945,4154.359333775861,2075.843104856407,3.3171945258286146,8.505011240158606,3.0295323378669607,0.0,0.004851723449890433,0.17394636685083825,0.8058099110143405,0.6810973206528849,0.3189021698544534,29.194496925926916,24.731029483934815,0.0,0.0009887475935406512
799,4856113.411736361,49.25315507001842,6.063202521163307,4154.3165415727035,2076.1333828755023,3.31725525167448,8.506031005490952,3.03260833070702,0.0,0.004603507159482384,0.17341569925474332,0.8062506706064475,0.6810973201587015,0.3189021703486381,29.194496925926885,24.731026861393563,0.0,0.0009884729120370108
800,4856256.447870464,49.25315473232361,6.063158794363636,4154.325904140962,2076.0195106506985,3.317231430741025,8.507056668569327,3.0357027696966035,0.0,0.00436499458086741,0.1729132826735094,0.8066568032741602,0.6810973196848455,0.3189021708224953,29.19449692592695,24.73103655214162,0.0,0.0009885205954127839
801,4856428.091231389,49.253154327158384,6.062975794392284,4154.290132835542,2075.6179119765907,3.3171474098736446,8.50835342708302,3.0396161809190807,0.0,0.004079177358493195,0.1723213805035417,0.8071173923753902,0.6810973191160837,0.3189021713912587,29.194496925926806,24.731048865430456,0.0,0.0009880454981286689
802,4856634.0632644985,49.25315384129034,6.063595612918406,4154.078142860837,2077.311587399282,3.317501643640965,8.510016729852763,3.044635497452701,0.0,0.0037367649632168505,0.17162803504476376,0.8076285898505144,0.6810973184266507,0.3189021720806937,29.1944969259266,24.731051943752536,0.0,0.0009866826897690637
803,4856881.22970423,49.253153256830295,6.063807570734619,4153.988708159147,2077.9080373129277,3.3176263229269725,8.512179999069575,3.0511646707459485,0.0,0.003326916538958232,0.1708231383885701,0.808176319143294,0.6810973176042376,0.31890217290310896,29.194496925926657,24.731055022074873,0.0,0.0009860746434011633
804,4857177.829431908,49.2531525548906,6.064045251975584,4153.858716710951,2078.606805533792,3.317772344869289,8.515067536394554,3.0598818520509337,0.0,0.0028373408437647922,0.1699022649098797,0.8087267913664847,0.6810973166176741,0.3189021738896752,29.19449692592693,24.731055022075108,0.0,0.0009851506552133198
805,4857533.749105121,49.253151711761916,6.064276396976007,4153.68792341395,2079.331015942641,3.317923631685487,8.519092433736128,3.0720369625823993,0.0,0.0022535548989314575,0.16887403174019497,0.8092086052505989,0.6810973154270776,0.31890217508027485,29.194496925926686,24.730993634675926,0.0,0.0009840830957206141
806,4857747.300909049,49.253151205408116,6.064292423588939,4153.5628821773635,2079.494581637429,3.317957793098148,8.521828792695734,3.080304143779995,0.0,0.0019071842812215455,0.16829156130455936,0.8094237523691008,0.6810973147136311,0.31890217579372326,29.194496925926767,24.730994800350768,0.0,0.0009830878342833482
807,4857960.852712977,49.253150698999086,6.064896762992723,4153.350852814208,2081.1544084551942,3.318304303302603,8.524969690816718,3.0897950888650665,0.0,0.0015655488175590501,0.1677482019817775,0.8095561769449834,0.6810973139988308,0.3189021765085257,29.19449692592676,24.7308991860563,0.0,0.000981684703537685
808,4858217.11487769,49.25315008986531,6.065018217776826,4153.085603692992,2081.711320451507,3.318420503931736,8.5294830038992,3.103437729167994,0.0,0.001166260439996366,0.1671647280809243,0.8095787654819678,0.6810973131396293,0.3189021773677295,29.194496925926728,24.73090065241971,0.0,0.0009787415286386992
809,4858524.629475346,49.25314935849403,6.065276711584739,4152.849062313584,2082.5681550653226,3.3185992232286146,8.536490630539747,3.124628218462536,0.0,0.0007170734831780203,0.16659493592335864,0.8093816798034931,0.6810973121078708,0.3189021783994908,29.19449692592663,24.730994499661982,0.0,0.0009770036051201941
810,4858770.641153472,49.253148772770246,6.065931758791085,4152.591802899868,2084.397557460387,3.318980555579881,8.543949568973824,3.1471940047677123,0.0,0.00039903986555264124,0.16625202033732098,0.8090858466926466,0.6810973112815608,0.31890217922580305,29.19449692592687,24.731048480640393,0.0,0.0009752797572944495
811,4858967.450495971,49.25314830298036,6.066124890056321,4152.477650712709,2084.975703825426,3.319100998515518,8.55186622109018,3.1711571839512027,0.0,0.0001935324270490956,0.16606760642103569,0.8087979468904283,0.6810973106213475,0.3189021798860181,29.19449692592688,24.731050404591734,0.0,0.0009748045360946876
812,4859124.897969971,49.253147926856734,6.065898587023865,4152.386079459193,2084.524488615579,3.3190070015050814,8.559950124446106,3.1956398183349046,0.0,7.917084080748522e-05,0.16598331715703896,0.8085895821905592,0.6810973100939521,0.31890218041341484,29.19449692592693,24.731051462764896,0.0,0.0009738921723663826
813,4859250.855949171,49.25314762620504,6.0669046794363,4152.055227628948,2087.2730104327543,3.319579257484223,8.567664720462538,3.2190179927333356,0.0,2.681879474757233e-05,0.1659515433894932,0.8084761290868089,0.6810973096720643,0.31890218083530375,29.19449692592688,24.731051967801985,0.0,0.0009718124253243476
814,4859351.622332531,49.25314738473438,6.067260681465861,4151.931872654433,2088.2527602077453,3.3197830641194135,8.57447741433588,3.2396795040273,0.0,7.5656356629250405e-06,0.1659417345441653,0.8084293803440169,0.6810973093349403,0.31890218117242847,29.19449692592692,24.731052136147902,0.0,0.0009710915928230972
815,4859432.2354392195,49.25314719128795,6.066992308659146,4151.999939443859,2087.539193886716,3.319634638181475,8.580151446785916,3.256902078184429,0.0,1.808041891372254e-06,0.16593920291783906,0.8084143155302203,0.6810973090664316,0.3189021814409382,29.19449692592701,24.731052136148058,0.0,0.000972135355668215
816,4859496.72592457,49.25314703669207,6.066445685958514,4152.0877392010325,2086.1376420630468,3.3193429595154327,8.584732091920088,3.2708155699230512,0.0,3.77644073076892e-07,0.16593864468140956,0.8084103805626719,0.6810973088526664,0.3189021816547038,29.194496925926995,24.7310523766418,0.0,0.0009726214729554743
817,4859562.685838171,49.25314687890611,6.067565265836111,4151.713439425008,2089.20498772352,3.319981053991596,8.58940450454411,3.28501192554789,0.0,5.661986968031213e-08,0.1659385337413842,0.8084094581690925,0.6810973086343901,0.31890218187298075,29.194496925926927,24.731052376641827,0.0,0.0009701898746257467
818,4859641.837734493,49.25314668873073,6.067724788420989,4151.637920885698,2089.66474059718,3.320076614824958,8.594958561430643,3.301889945229817,0.0,5.169668218265011e-09,0.1659385183469525,0.8084093037574129,0.6810973083713752,0.3189021821359965,29.194496925927112,24.731052376642083,0.0,0.0009699191900653358
819,4859736.82001008,49.253146460375646,6.067731642672744,4151.5679952669225,2089.7516250858234,3.3200946716303514,8.601540037671397,3.3218987533485342,0.0,2.7508509639162203e-10,0.16593851711523724,0.8084092884194031,0.6810973080564342,0.31890218245093827,29.19449692592669,24.731052376641767,0.0,0.0009694419091994895
820,4859850.798740783,49.253146186335,6.06779545573911,4151.415201426674,2090.0590013296696,3.3201585462020686,8.609323767741156,3.3455907298980487,0.0,0.0,0.16593851704372958,0.8084092873635909,0.6810973076675961,0.3189021828397774,29.19449692592678,24.731052376641827,0.0,0.0009680192308936571
821,4859987.573217627,49.253145857387324,6.068699273542977,4151.050295694043,2092.602822035047,3.320686806663069,8.618558060237293,3.373861450138296,0.0,1.1348520266504484e-12,0.1659385170543708,0.8084092873390767,0.6810973072100154,0.3189021832973593,29.1944969259269,24.7310523766419,0.0,0.0009657058590955474
822,4860151.702589839,49.25314546124043,6.068902144160483,4150.86952679368,2093.2739453806566,3.3208260678904615,8.629179951665897,3.4067697611333996,0.0,0.0,0.16593851705465218,0.8084092873319261,0.6810973066634527,0.3189021838439234,29.19449692592669,24.73105237664181,0.0,0.0009650128428747031
823,4860348.657836494,49.25314498546529,6.068927378969571,4150.542227421122,2093.664922694888,3.3209071769278578,8.641794166386768,3.445045613244038,0.0,2.0758767461336334e-12,0.1659385172301994,0.8084092868287363,0.6810973060121097,0.31890218449526825,29.19449692592664,24.731052905728216,0.0,0.0009624764766774156
824,4860523.567236232,49.25314456285131,6.06959114751137,4150.081941591743,2095.7302935121984,3.3213353911093426,8.652509247196154,3.478385982780561,0.0,0.0,0.16593851720104025,0.8084092867969248,0.6810973054349846,0.31890218507239493,29.19449692592695,24.73105285762983,0.0,0.0009590547084568641
825,4860690.673275356,49.253144158003174,6.071089970436884,4149.549595466698,2099.8884595565823,3.3221962267883947,8.66268177007586,3.50949765312011,0.0,3.113982408173588e-16,0.1659385171581829,0.8084092867698152,0.6810973048856823,0.31890218562169853,29.19449692592685,24.73105319432109,0.0,0.0009564949470285022
826,4860856.094595886,49.25314375487161,6.0700697368868495,4149.6006577427825,2097.371786544716,3.3216754216589983,8.672471388581892,3.5395641695189117,0.0,4.719566129439208e-16,0.16593851700005052,0.8084092866694558,0.6810973043481334,0.318902186159249,29.194496925926767,24.731053290518652,0.0,0.0009573079184083896
827,4860952.807950422,49.253143520094916,6.070826752451477,4149.295565884151,2099.509253999981,3.3221177932165253,8.678230752576527,3.5573258750229058,0.0,5.681662910060945e-16,0.165938516847152,0.8084092865720917,0.6810973040361603,0.31890218647122315,29.1944969259268,24.73105232854289,0.0,0.0009550570828853587
828,4861049.521304959,49.253143284616236,6.071848047430247,4148.961123532977,2102.318217672095,3.3226984537089517,8.683837998397273,3.5749065758342264,0.0,6.8143818403170905e-16,0.1659385165980043,0.8084092864129694,0.6810973037247218,0.31890218678266213,29.19449692592682,24.73105232854292,0.0,0.0009527519453903603
829,4861165.577330403,49.25314300090983,6.071826685771744,4148.8438658041,2102.385348243436,3.3227123212438423,8.690618836061084,3.5964933916775657,0.0,2.71096329391076e-13,0.16593851481333993,0.8084092927547125,0.6810973033530845,0.3189021871543009,29.194496925926728,24.731051558962264,0.0,0.0009521661688773079
830,4861200.394138036,49.253142915800915,6.070398204892842,4149.212768733738,2098.5573965658077,3.321920851875326,8.692526017078004,3.6032384415143395,0.0,0.0,0.16593851463877707,0.8084092926417379,0.6810973032430259,0.3189021872643598,29.194496925926714,24.731050957727398,0.0,0.000954436145649526
831,4861202.570188513,49.25314291051106,6.0731792886265845,4149.014682119876,2105.4884425758382,3.3233528618383,8.692694021472388,3.6037507387207546,0.0,5.839809468853065e-16,0.1659385147897988,0.808409292738677,0.6810973032367333,0.3189021872706521,29.194496925926682,24.73104891352912,0.0,0.0009507435519759276
832,4861204.746238991,49.25314290516478,6.074438529025939,4148.230399927835,2109.3404724957763,3.3241466856626287,8.692878072901676,3.604308467529861,0.0,9.1554542749537e-16,0.16593851477750232,0.808409292730792,0.681097303222894,0.3189021872844917,29.194496925926536,24.731048913529136,0.0,0.0009475723596750846
833,4861206.705454542,49.253142900326765,6.073974557396436,4147.94929102227,2108.4997925717184,3.323973562626214,8.69300128249911,3.604690378786853,0.0,9.19404301192362e-16,0.16593851476631633,0.8084092927236175,0.6810973032148353,0.3189021872925502,29.19449692592672,24.73104892711717,0.0,0.0009472018821213516
834,4861209.056513203,49.25314289453069,6.072568783114472,4148.262769717022,2104.7718897044,3.3232050348934075,8.693124084380397,3.6050777968937293,0.0,9.231206357941593e-16,0.16593851475274585,0.8084092927149132,0.6810973032070109,0.31890218730037473,29.19449692592667,24.731048920816182,0.0,0.0009495147022178732
835,4861211.8777835965,49.253142887613194,6.071030981171273,4148.847079592568,2100.4570044103666,3.3223137961151745,8.693322723563837,3.606035092089407,0.0,9.291760419058617e-16,0.16593851473617213,0.808409292704282,0.6810973031981198,0.31890218730926573,29.194496925927155,24.730918248778263,0.0,0.0009530491290041567
836,4861215.263308069,49.25314287936226,6.069566728095323,4149.418707275844,2096.341364112813,3.3214620037311935,8.693507105919092,3.606614411921302,0.0,0.0,0.16593851291263617,0.8084092975083214,0.6810973031876167,0.31890218731976905,29.194496925926828,24.73073854265103,0.0,0.0009567215314127481
837,4861219.325937436,49.253142869518086,6.069826556927819,4149.579852660803,2096.80569057368,3.3215581865828563,8.693764191150565,3.607411004651222,0.0,9.425400619695537e-16,0.1659385128878303,0.8084092974923879,0.6810973031749191,0.31890218733246656,29.194496925926956,24.730620624539085,0.0,0.0009572286642848787
838,4861224.201092675,49.2531428576942,6.0717922211782165,4149.086926561127,2102.055623887172,3.322644203998426,8.69404456089882,3.608287401348957,0.0,9.51482344416672e-16,0.1659385128573506,0.8084092974728305,0.6810973031598122,0.31890218734757375,29.194496925926945,24.730547187460058,0.0,0.0009536107859114103
839,4861230.051278964,49.25314284339676,6.071444811046436,4149.02529911008,2101.2774525161735,3.3224834004027475,8.694411280745351,3.6094248157970013,0.0,9.630258821478696e-16,0.16593851281958902,0.8084092974485968,0.6810973031415837,0.3189021873658021,29.194496925926813,24.730517131309668,0.0,0.0009536716987655679
840,4861237.0715025095,49.253142826261985,6.072215685914266,4148.876960252121,2103.2935634385144,3.3228998927927016,8.694813104255577,3.6106816909649244,0.0,9.758404751550297e-16,0.16593851277267807,0.8084092974184864,0.6810973031197258,0.31890218738765996,29.194496925927,24.73047956112183,0.0,0.0009522492431967457
841,4861245.495770765,49.25314280563896,6.073123480658141,4148.601686987395,2105.7723650982603,3.323411421965822,8.695333747089856,3.612298913736259,0.0,9.927056386709983e-16,0.1659385127138034,0.8084092973806883,0.6810973030934259,0.31890218741396004,29.19449692592693,24.729558834489673,0.0,0.0009504009402269733
842,4861255.60489267,49.25314278080342,6.071708591669385,4149.0078084837005,2101.933405346463,3.3226189523445986,8.695951669739037,3.6142205348097214,0.0,1.0131130743054483e-15,0.16593851263929363,0.8084092973328411,0.6810973030617625,0.31890218744562354,29.194496925927186,24.72944810016265,0.0,0.000953409424232791
843,4861267.735838958,49.25314275116473,6.069320665764529,4149.761192935096,2095.401660503271,3.3212672837320483,8.69666102297616,3.616436030463155,0.0,1.0370749066405668e-15,0.165938512544252,0.808409297271791,0.6810973030230997,0.3189021874842864,29.1944969259269,24.729373749971185,0.0,0.0009581987651932212
844,4861282.292974504,49.253142715928846,6.071612912578595,4149.114393719676,2101.593901943603,3.3225487996161913,8.697529968510812,3.6191454118248996,0.0,1.0672259606977847e-15,0.1659385124213505,0.8084092971928181,0.6810973029759696,0.3189021875314164,29.194496925927087,24.729266179482032,0.0,0.0009533919375431902
845,4861299.761537157,49.253142673266375,6.0730171095991725,4148.631257476253,2105.4844840060796,3.323352045312033,8.698569297812606,3.622388087863404,0.0,1.1044796843868855e-15,0.1659385122600852,0.808409297089151,0.6810973029197072,0.3189021875876792,29.194496925926995,24.729258269887143,0.0,0.0009502602891656112
846,4861320.723812343,49.25314262178876,6.072770863219062,4148.699613575336,2104.81829850167,3.323214610687566,8.69979240640093,3.6262128177910204,0.0,1.1500439027362123e-15,0.16593851204512586,0.8084092969509029,0.6810973028533172,0.31890218765406925,29.19449692592725,24.729241659738374,0.0,0.0009508526116095529
847,4861345.878542564,49.253142560074835,6.0709219285335045,4149.245436466543,2099.790058030271,3.322175875116372,8.701257704692871,3.630798004186704,0.0,1.2071917518678973e-15,0.16593851175260466,0.8084092967626674,0.6810973027718037,0.3189021877355832,29.194496925927098,24.729163354749677,0.0,0.0009542166424818615
848,4861369.563245688,49.253142502385174,6.071466046565498,4149.0412441581975,2101.312674726227,3.3224906801093113,8.70263773633524,3.635119937558161,0.0,1.2636912887753524e-15,0.1659385114425796,0.8084092965630665,0.6810973026972841,0.31890218781010293,29.1944969259268,24.729085840720334,0.0,0.0009525579474865513
849,4861393.170198506,49.25314244476171,6.072419776991117,4148.713525940179,2103.9535857033065,3.323036154828053,8.704008761188259,3.639418487058753,0.0,1.322523276342582e-15,0.16593851109506536,0.8084092963392185,0.6810973026229044,0.318902187884483,29.194496925926824,24.729049456584338,0.0,0.0009502919133376366
850,4861416.426491691,49.2531423877815,6.073091217143976,4148.480938842322,2105.8167291246614,3.323420571506022,8.70537865593603,3.6437111155023763,0.0,1.3841278268329204e-15,0.16593851071012664,0.8084092960911438,0.6810973025495846,0.31890218795780295,29.194496925927016,24.72903126451645,0.0,0.0009487356319522195
851,4861439.421035958,49.25314233129405,6.07376249865848,4148.26665974705,2107.662546664553,3.3238010781472016,8.70672041531525,3.6479231972750377,0.0,1.4473348870971884e-15,0.16593851028325174,0.8084092958159155,0.6810973024776502,0.31890218802973735,29.19449692592686,24.729031264516298,0.0,0.0009473436645283235
852,4861462.155581637,49.25314227529846,6.073357947487442,4148.39491409275,2106.550856280652,3.323571948312355,8.708046493511807,3.652089975557087,0.0,1.5127262382710087e-15,0.16593850981057762,0.8084092955110208,0.6810973024068125,0.3189021881005752,29.194496925926597,24.729049456584217,0.0,0.0009483015474343777
853,4861484.654952804,49.25314221996972,6.071269598630221,4149.018369445373,2100.8606416750745,3.3223972449053205,8.709357549649257,3.6562138192457674,0.0,1.5803696114535436e-15,0.1659385092874055,0.8084092951734055,0.6810973023357677,0.3189021881716202,29.194496925926714,24.7289656148794,0.0,0.0009521936092622563
854,4861506.939422955,49.25314216561435,6.07242917535552,4148.64494597078,2104.0459121083363,3.323055212267706,8.710655576792394,3.660300798478825,0.0,1.65041057206549e-15,0.16593850870857663,0.8084092947997161,0.6810973022674517,0.3189021882399366,29.194496925926742,24.72896561487937,0.0,0.000949435702326161
855,4861529.025973912,49.25314211149678,6.073556853146958,4148.266231779875,2107.1640342402843,3.3236983450017807,8.711946518818062,3.6643681101559094,0.0,1.7232403450105119e-15,0.16593850806818725,0.8084092943861124,0.6810973021988754,0.3189021883085128,29.19449692592667,24.72911273334248,0.0,0.0009469527239772262
856,4861550.928431386,49.25314205759264,6.073213584968512,4148.352030871981,2106.2443148177763,3.3235087459677692,8.713226547335342,3.668405292755303,0.0,1.7987219883837398e-15,0.16593850736002463,0.8084092939285531,0.6810973021243201,0.31890218838306833,29.194496925927087,24.729006744772565,0.0,0.0009474875540159842
857,4861572.660508621,49.25314200417911,6.072973343647011,4148.413315749199,2105.5996195846283,3.3233757934705674,8.714502729563325,3.6724326831040934,0.0,1.8773654085627412e-15,0.1659385065768095,0.808409293422302,0.6810973020555472,0.31890218845184143,29.1944969259271,24.7292036936832,0.0,0.0009477411916732441
858,4861594.235408825,49.25314195120138,6.073213786732096,4148.321602975419,2106.2757027565685,3.323515217917367,8.715765760813634,3.676424362396654,0.0,1.958682963393359e-15,0.16593850571115465,0.8084092928625506,0.6810973019882324,0.3189021885191566,29.194496925927027,24.72920369368314,0.0,0.0009470051447599276
859,4861615.6641295925,49.25314189853279,6.073912410336426,4148.086388700824,2108.2095729328917,3.3239137810396944,8.717024627667973,3.6804060528536464,0.0,2.043339171836324e-15,0.16593850475436894,0.8084092922436412,0.6810973019217109,0.3189021885856782,29.194496925927442,24.729100077991824,0.0,0.0009454150544218308
860,4861636.960080613,49.25314184604704,6.074416544205965,4147.916896434832,2109.6059396262585,3.32420133954954,8.71828020551415,3.684380638316552,0.0,2.131523968447034e-15,0.16593850369663354,0.8084092915591812,0.6810973018534288,0.3189021886539604,29.194496925927176,24.72872737469674,0.0,0.0009443158776922248
861,4861658.13160377,49.25314179376479,6.074027930011447,4147.9960508276945,2108.5818182542134,3.32399045739116,8.719526949526074,3.6883327718524184,0.0,2.2229618815758922e-15,0.16593850252785725,0.808409290802597,0.6810973017863745,0.31890218872101506,29.19449692592726,24.72862919211952,0.0,0.0009452808197816387
862,4861679.184681729,49.2531417418531,6.071650929753653,4148.712361806794,2102.0932368216068,3.322651974936333,8.720761436588514,3.6922530393873423,0.0,2.317475405777141e-15,0.16593850123750437,0.8084092899670234,0.6810973017211114,0.3189021887862783,29.1944969259273,24.72850891846228,0.0,0.0009498454391873457
863,4861700.130416489,49.2531416906832,6.071792210481029,4148.646375907609,2102.5020622447646,3.322736430449061,8.721989882098253,3.6961593806451374,0.0,2.4156278580549354e-15,0.1659384998130645,0.8084092890443082,0.6810973016571464,0.3189021888502434,29.19449692592751,24.7285034833556,0.0,0.0009489468966776427
864,4861720.975290134,49.25314163973117,6.074091178059951,4147.91288936624,2108.8199213346466,3.324039495571751,8.723216415606544,3.700063777197378,0.0,2.517891014961671e-15,0.16593849824054338,0.8084092880253314,0.6810973015936134,0.31890218891377664,29.19449692592737,24.727554730447636,0.0,0.0009439462429783989
865,4861741.723167789,49.25314158855813,6.074845675384567,4147.6468628418825,2110.923297156329,3.3244724530011887,8.724438791575132,3.703960164451833,0.0,2.6242344634767802e-15,0.16593849650501524,0.8084092869003615,0.681097301530025,0.3189021889773652,29.194496925927282,24.72754440215041,0.0,0.0009422752414341919
866,4861762.378128718,49.25314153746319,6.074602818332239,4147.68814621434,2110.291156991391,3.3243423790660893,8.725657503577354,3.707850233235314,0.0,2.7348537339734967e-15,0.1659384945899932,0.8084092856586473,0.6810973014596853,0.3189021890477049,29.194496925926874,24.727538377310076,0.0,0.0009427726994737843
867,4861782.946435044,49.253141486630206,6.072768947755627,4148.232083500088,2105.288133252023,3.323311542508003,8.726871434964522,3.711731172542944,0.0,2.8498015324481032e-15,0.16593849247732975,0.8084092842883527,0.6810973013950448,0.3189021891123456,29.19449692592698,24.727534934544302,0.0,0.0009460219314985494
868,4861803.435346752,49.25314143635456,6.07360372907208,4147.97042866247,2107.578318732046,3.3237837222107403,8.728087057204162,3.715621667086894,0.0,2.9698825506613695e-15,0.16593849014570164,0.8084092827755702,0.6810973013319885,0.3189021891754019,29.19449692592688,24.727533213161433,0.0,0.0009442761520116197
869,4861823.851221177,49.25314138609439,6.07502762073801,4147.508688296308,2111.5062064189783,3.324592362298721,8.729298462471066,3.7195054248272093,0.0,3.0947163559812718e-15,0.16593848757276122,0.8084092811057182,0.6810973012693005,0.31890218923809044,29.1944969259271,24.7275314917788,0.0,0.0009412196532474963
870,4861844.197035345,49.2531413357268,6.074935048890395,4147.51854321963,2111.271146603127,3.3245440125172796,8.7305076098635,3.723388307263267,0.0,3.224690240300135e-15,0.16593848473391087,0.8084092792627436,0.681097301206842,0.318902189300549,29.194496925926753,24.727530631087124,0.0,0.000941425175152002
871,4861864.475297421,49.25314128554424,6.0728557006608135,4148.138056610362,2105.593868471951,3.3233746072621884,8.731712633416794,3.7272653757614145,0.0,3.359796103514236e-15,0.1659384816026347,0.8084092772293365,0.6810973011449971,0.31890218936239395,29.1944969259267,24.727529770395677,0.0,0.0009451666919695458
872,4861884.692052538,49.25314123591831,6.07345500038829,4147.951115138522,2107.237091646178,3.323713402148596,8.732917846324879,3.731149252109865,0.0,3.5007346987085948e-15,0.16593847814802207,0.8084092749853184,0.6810973010845492,0.3189021894228421,29.194496925926693,24.727528909704287,0.0,0.0009438577417187319
873,4861904.852394867,49.25314118631479,6.075147582676164,4147.404583788292,2111.903867715164,3.324674145551627,8.734125119562957,3.7350456765724482,0.0,3.647997066301325e-15,0.16593847433538883,0.8084092725080428,0.681097301024438,0.31890218948295357,29.194496925926707,24.727528909704333,0.0,0.0009402094938280243
874,4861924.959077506,49.25314113651457,6.0755544956582,4147.2519340180625,2113.0490188371214,3.324909571999564,8.73533610407245,3.7389597507551144,0.0,3.802097618132855e-15,0.16593847012610255,0.8084092697722802,0.6810973009629092,0.3189021895444825,29.1944969259269,24.72752804901305,0.0,0.000939337616635548
875,4861945.012202279,49.253141086767435,6.0752413337771465,4147.352344735525,2112.185036386894,3.3247319615709245,8.736539357918597,3.7428595005915377,0.0,3.961828517066133e-15,0.16593846548222227,0.8084092667532397,0.6810973008942592,0.31890218961313244,29.19449692592663,24.727528049012783,0.0,0.0009401015931303938
876,4861965.012569563,49.25314103721195,6.0729553801439025,4148.043416592868,2105.9316136227485,3.32344426413888,8.737740733235887,3.7467618232822786,0.0,4.128176656014813e-15,0.16593846035987045,0.8084092634222498,0.6810973008320889,0.3189021896753033,29.194496925926614,24.72752804901274,0.0,0.0009442775799700221
877,4861984.96513423,49.25314098821424,6.073114813812056,4147.987196691096,2106.3752994591428,3.323535753346639,8.738948603532572,3.7506909321086765,0.0,4.302645049669969e-15,0.1659384547057415,0.8084092597444812,0.6810973007721455,0.3189021897352467,29.194496925926746,24.727528049012857,0.0,0.000943767317469117
878,4862004.873654989,49.253140939294084,6.074894463244126,4147.409534202969,2111.283477805297,3.3245465490732435,8.740156815800418,3.7546299886920034,0.0,4.48472626800244e-15,0.16593844846374134,0.8084092556832716,0.6810973007117506,0.31890218979564183,29.194496925926675,24.72752718832152,0.0,0.0009398293240231785
879,4862024.737996257,49.253140890141346,6.075796481873101,4147.097010019679,2113.7957120046585,3.325063012566398,8.741361536941952,3.7585686024979665,0.0,4.674146267584661e-15,0.16593844157528345,0.8084092512003145,0.6810973006517189,0.3189021898556737,29.194496925926742,24.72752718832156,0.0,0.0009379665132137037
880,4862044.557108178,49.25314084092672,6.075806879010048,4147.079268093968,2113.8391012258558,3.3250719271014386,8.742566955994034,3.76251903875828,0.0,4.8718833405283885e-15,0.1659384339739251,0.8084092462521624,0.6810973005919715,0.31890218991542113,29.194496925926614,24.727527188321453,0.0,0.0009378928486735401
881,4862064.332559265,49.253140791818225,6.075018935618985,4147.314415645074,2111.682914563517,3.324628706099544,8.743772833382673,3.7664811631114046,0.0,5.078272983521025e-15,0.1659384255854957,0.808409240790309,0.6810973005282984,0.31890218997909425,29.194496925926188,24.727527188320984,0.0,0.0009393182933846783
882,4862084.066554589,49.25314074296319,6.074998973225988,4147.309113487341,2111.63978252638,3.3246198353562613,8.74498021494177,3.7704585282641183,0.0,5.293895521602852e-15,0.1659384163269542,0.8084092347604366,0.6810973004682666,0.31890219003912634,29.19449692592664,24.727527188321528,0.0,0.0009391742599412725
883,4862103.760670199,49.25314069421047,6.075899513017035,4147.015875949298,2114.1291842918267,3.325131521434477,8.74618994724778,3.7744541403512653,0.0,5.519344396581906e-15,0.16593840610593616,0.8084092281021217,0.68109730040917,0.31890219009822324,29.194496925926472,24.7275271883214,0.0,0.0009373381427724485
884,4862123.41497013,49.25314064538451,6.075798955136708,4147.023892627125,2113.876269712379,3.325079563409554,8.747401728390013,3.7784677534032425,0.0,5.7550343684852884e-15,0.16593839482118916,0.80840922074911,0.6810973003504167,0.3189021901569768,29.1944969259267,24.727527188321574,0.0,0.0009375472053530058
885,4862143.030257985,49.25314059667418,6.0739451898181525,4147.5736846952805,2108.8104019285024,3.3240375351222844,8.748614083201975,3.7824958518282377,0.0,6.001150530959912e-15,0.1659383823617105,0.8084092126287544,0.6810973002921734,0.3189021902152201,29.19449692592646,24.727527188321403,0.0,0.0009408233514860886
886,4862162.608919287,49.25314054840529,6.074321321739335,4147.443585935233,2109.8561539491207,3.3242528469205888,8.749829391527369,3.7865458992632117,0.0,6.2586830382981174e-15,0.165938368601059,0.808409203658297,0.6810973002347026,0.31890219027269123,29.194496925926536,24.727527188321353,0.0,0.0009397735271980838
887,4862182.151605014,49.25314050015397,6.0756244012581195,4147.007983913624,2113.4677176044643,3.3249956185367817,8.751048426104648,3.790620823702865,0.0,6.528371947143696e-15,0.16593835339912097,0.8084091937460117,0.6810973001774127,0.3189021903299813,29.194496925926547,24.72752804901289,0.0,0.0009370504217574848
888,4862201.656958628,49.25314045174835,6.076483320130147,4146.71422406528,2115.858439260432,3.3254866080207,8.752270914495897,3.794720580006572,0.0,6.8107710871969475e-15,0.16593833660234797,0.8084091827913574,0.6810973001097074,0.31890219039768664,29.194496925926252,24.72752804901269,0.0,0.000935282294699349
889,4862221.12400181,49.253140403274855,6.076320233421739,4146.750467202452,2115.424223241629,3.325397473053068,8.753497282713163,3.7988471474511245,0.0,7.106628619311959e-15,0.16593831803954412,0.8084091706822193,0.6810973000501124,0.3189021904572817,29.19449692592634,24.72752901729052,0.0,0.0009356046515062977
890,4862240.5531341,49.253140354926316,6.074533070668612,4147.285912683074,2110.5310368102214,3.3243917431363896,8.754725000426879,3.8029942287612117,0.0,7.415984945416172e-15,0.16593829752350628,0.8084091572959786,0.6810972999911158,0.3189021905162784,29.194496925926412,24.727528909704244,0.0,0.0009388648534548704
891,4862257.64839814,49.25314031268128,6.074450385025254,4147.302014760942,2110.3137467380952,3.3243470279742744,8.755810537579816,3.806674168806413,0.0,7.700972048485565e-15,0.16593827776916742,0.8084091444042583,0.6810972999394496,0.31890219056794483,29.194496925926263,24.727528909704137,0.0,0.0009387400408933017
892,4862278.16271499,49.25314026200343,6.076132922967525,4146.756912102309,2114.9615088614287,3.3253024678617944,8.757121936893379,3.8111345182733976,0.0,8.060235974052755e-15,0.16593825133846746,0.8084091271515955,0.6810972998778753,0.3189021906295195,29.195410905419497,24.7275263276301,0.0,0.0009353197107037784
893,4862302.779895209,49.25314020078826,6.076813383771801,4146.508292738594,2116.872866056628,3.3256947761922846,8.758704577133653,3.816542405369733,0.0,8.516712075192423e-15,0.1659382151728812,0.80840910353809,0.6810972998039763,0.31890219070341846,29.195410905419152,24.72752632762966,0.0,0.000933818241751164
894,4862326.026428767,49.25314014282669,6.076725462623022,4146.561774924169,2116.6039999553086,3.325639612520425,8.760209789817706,3.821713081042665,0.0,8.975367063181821e-15,0.16593817648290632,0.8084090782699613,0.6810972997350351,0.31890219077235993,29.19541090541953,24.72752288486461,0.0,0.0009335348330351122
895,4862349.240125525,49.25314008496748,6.0753870595838455,4146.955053694762,2112.9442287410816,3.324888033981015,8.761723144323904,3.8269401076174083,0.0,9.461969955355817e-15,0.16593813268743832,0.8084090496603414,0.6810972996665952,0.31890219084080007,29.195410905419152,24.727512986912988,0.0,0.0009358927835012131
896,4862370.8090478275,49.25314003148781,6.075357670060034,4146.941333324435,2112.886717618092,3.324876212985958,8.763140382984435,3.8318617259835346,0.0,9.942097095157154e-15,0.16593808692888892,0.8084090197614704,0.6810972996041195,0.31890219090327604,29.195410905419273,24.727503519307586,0.0,0.000935619376995819
897,4862391.257175424,49.253139980792504,6.07688485688378,4146.446786288756,2117.109870235561,3.325743396894643,8.764498072037322,3.8365992149161965,0.0,1.0425388024348081e-14,0.16593803839015564,0.8084089880391562,0.6810972995447009,0.31890219096269457,29.19541090541935,24.727492222733087,0.0,0.0009325187410452352
898,4862411.813054461,49.25313992952458,6.0773317660860275,4146.279183740245,2118.3707016002772,3.326001961235191,8.765872587223337,3.8414219822888227,0.0,1.0939131083775102e-14,0.16593798372076038,0.8084089523024762,0.6810972994756377,0.3189021910317581,29.195410905419383,24.726872202148773,0.0,0.0009315430910101016
899,4862432.199757393,49.253139878589124,6.076814848486479,4146.436855614213,2116.949377855997,3.3257104729553304,8.76724762193951,3.8462733404483753,0.0,1.1478951516202703e-14,0.165937922973783,0.8084089125845432,0.6810972994139938,0.31890219109340223,29.195410905419262,24.72681797858897,0.0,0.0009326615305720844
900,4862452.485023898,49.25313982800934,6.074894687356116,4147.000059105043,2111.700979826209,3.3246324214349703,8.76862418467531,3.8511608801490333,0.0,1.2046634607731177e-14,0.16593785524640117,0.8084088682933993,0.6810972993539867,0.31890219115340923,29.1954109054192,24.72663551200713,0.0,0.0009359640569401317
901,4862472.661525197,49.253139778076246,6.076630727541584,4146.461035753107,2116.4759959568755,3.3256133472808114,8.77000736590142,3.8561004234114375,0.0,1.2645933564226887e-14,0.16593777972818446,0.8084088188971523,0.6810972992951335,0.3189021912122627,29.195410905419358,24.7263252646262,0.0,0.0009324509943872654
902,4862492.730410429,49.25313972807135,6.077452147331173,4146.165293038868,2118.780711938368,3.326086010734741,8.771396956825555,3.8610934119157614,0.0,1.3278673701455404e-14,0.16593769547973702,0.8084087637792458,0.6810972992339881,0.31890219127340824,29.195410905419337,24.726048520455873,0.0,0.0009306689478266523
903,4862512.685743644,49.253139678188724,6.077355542988419,4146.176327189524,2118.5337984656153,3.326035396998809,8.772793921134532,3.866144348498185,0.0,1.3947360778471008e-14,0.16593760146934966,0.8084087022623715,0.6810972991750434,0.3189021913323532,29.19541090541913,24.725947416110053,0.0,0.0009308352733467214
904,4862532.527200565,49.253139628609105,6.075827565324977,4146.628030873588,2114.3495381296902,3.3251767852100427,8.774195388314965,3.8712472805497047,0.0,1.465275399895108e-14,0.16593749653562934,0.8084086335840046,0.681097299117062,0.3189021913903349,29.195410905419216,24.72593867869738,0.0,0.0009336624773046188
905,4862552.2532861335,49.25313957961082,6.076124619101016,4146.521457729612,2115.1814842819304,3.32534763612751,8.775604817858818,3.8764141888331407,0.0,1.5398888654560237e-14,0.165937379349495,0.8084085568714102,0.6810972990600791,0.31890219144731774,29.19541090541943,24.725938589540263,0.0,0.0009328282942633732
906,4862571.8622443825,49.253139530846624,6.076883790025622,4146.255858099064,2117.3022528933966,3.3257828596225685,8.777022827182517,3.8816492177675603,0.0,1.6188704400750423e-14,0.1659372484084001,0.8084084711378051,0.6810972990036095,0.3189021915037873,29.19541090541961,24.725938544961995,0.0,0.0009311316055028275
907,4862591.352639146,49.25313948223269,6.0770140416983205,4146.182638938068,2117.694575160781,3.325863324096691,8.778449838148498,3.886956125891164,0.0,1.7025275108755895e-14,0.1659371020097831,0.8084083752648936,0.6810972989446082,0.31890219156278915,29.195410905419333,24.72593854496168,0.0,0.0009306748533744605
908,4862610.720484983,49.253139433899214,6.076915318841967,4146.193555305791,2117.442744101177,3.325811675788057,8.77988754810614,3.892342313456493,0.0,1.791273250974444e-14,0.16593693822930178,0.8084082679885025,0.6810972988881756,0.31890219161922173,29.195410905419227,24.725938500382853,0.0,0.0009306978785800854
909,4862629.961488399,49.25313938590044,6.076574164415537,4146.273635116538,2116.529484169234,3.325624322761748,8.781334283414298,3.8978057737059566,0.0,1.8853407914197128e-14,0.16593675491935717,0.8084081478975598,0.681097298832728,0.31890219167466954,29.19541090541927,24.725938500383062,0.0,0.0009311123227998109
910,4862649.072324254,49.25313933828943,6.077424557841722,4145.992577858415,2118.8899408167504,3.3261083992132443,8.782792688129772,3.9033569294798673,0.0,1.9852679618743707e-14,0.165936549603532,0.808408013364766,0.6810972987784629,0.3189021917289346,29.195410905419152,24.725938455804286,0.0,0.0009292833970950118
911,4862668.047877052,49.25313929085775,6.078310086901587,4145.696778858957,2121.353945457483,3.3266131360953692,8.784263489697246,3.9090008994962218,0.0,2.091516253122354e-14,0.16593631948283916,0.8084078625505627,0.6810972987247648,0.318902191782633,29.195410905419013,24.72593845580425,0.0,0.0009274683125941455
912,4862686.883317174,49.2531392436127,6.078127113508372,4145.7470295586445,2120.855701969005,3.3265111211471847,8.785747800809018,3.914744130124635,0.0,2.2046200948330205e-14,0.1659360613577853,0.8084076933518944,0.6810972986716323,0.3189021918357658,29.1954109054193,24.725938455804467,0.0,0.0009274056714020866
913,4862705.574897891,49.2531391967619,6.0765889472361945,4146.2066116616215,2116.6339355759333,3.325645754804439,8.78724448365082,3.9205869925235675,0.0,2.324982216271611e-14,0.16593577160275855,0.808407503385284,0.6810972986173859,0.3189021918900123,29.19541090541947,24.725938411226018,0.0,0.0009302346412691605
914,4862724.119136303,49.25313915055868,6.076637493944473,4146.178819776037,2116.7806179757904,3.325675850301145,8.788757119431,3.9265434672373902,0.0,2.4534349554282775e-14,0.16593544599976257,0.8084072898775153,0.6810972985580697,0.3189021919493285,29.19541090541915,24.725938411225748,0.0,0.0009298585294139099
915,4862742.511903881,49.25313910472392,6.078050417309941,4145.7165409528525,2120.699631119552,3.3264791608385664,8.790285253016156,3.932616414140502,0.0,2.5905505203026176e-14,0.1659350797549429,0.8084070496762934,0.681097298504434,0.3189021920029644,29.195410905419415,24.725938411225922,0.0,0.000926940174010285
916,4862760.746574368,49.253139059031106,6.078656749260335,4145.496603749505,2122.405723477237,3.3268284081348596,8.791830738521236,3.938815240698637,0.0,2.7371677543196466e-14,0.16593466738746857,0.8084067791770388,0.6810972984477418,0.31890219205965675,29.195410905419287,24.72593841122591,0.0,0.0009256273318121542
917,4862778.815805279,49.253139013644876,6.078369334872348,4145.515970409134,2121.683715827196,3.3266806431332903,8.79339436083232,3.945146575633459,0.0,2.8941123583677465e-14,0.1659342026209508,0.8084064742513714,0.6810972983947574,0.31890219211264115,29.19541090541917,24.725938411225847,0.0,0.0009261707641077574
918,4862796.713933044,49.253138968737666,6.076444370581319,4146.080475946155,2116.4104198547766,3.32559989105426,8.794977033897368,3.951617893521694,0.0,3.0623076862020826e-14,0.16593367818507096,0.8084061301165822,0.6810972983432694,0.3189021921641294,29.19541090541918,24.72593841122588,0.0,0.0009296380257953091
919,4862814.43599204,49.253138924604926,6.077420368277534,4145.783687468354,2119.0932506383815,3.3261500682476552,8.796581354896638,3.9582419015597643,0.0,3.242968367508844e-14,0.16593308558447534,0.8084057411834453,0.6810972982930498,0.31890219221434907,29.195410905419365,24.725938411225908,0.0,0.00092756807813233
920,4862831.974863462,49.25313888076157,6.07855281084644,4145.398523106287,2122.2521860659563,3.326796989607414,8.798209458013119,3.965030247812446,0.0,3.437407412295409e-14,0.16593241498597594,0.8084053009816202,0.6810972982434433,0.3189021922639555,29.195410905419152,24.72593841122586,0.0,0.0009251796570359093
921,4862849.321395403,49.2531388372061,6.078881706781688,4145.269132995963,2123.188480438755,3.3269885492206925,8.799861970081027,3.9719904869260665,0.0,3.646904466993136e-14,0.16593165507796975,0.8084048020668181,0.6810972981944621,0.31890219231293715,29.195410905418914,24.725938411225517,0.0,0.0009244097279435942
922,4862866.467393885,49.25313879409833,6.078626343463196,4145.338567872171,2122.4932534885415,3.3268463184790735,8.801540983582772,3.9791348666761115,0.0,3.873078867822425e-14,0.16593079259985227,0.8084042357110556,0.6810972981428245,0.31890219236457484,29.195410905418846,24.72593841122555,0.0,0.0009250045522815822
923,4862883.404766071,49.25313875155738,6.076520717443964,4145.959160589706,2116.720325096842,3.325663479988735,8.803247080164033,3.986471865874581,0.0,4.1175319450378e-14,0.16592981211405697,0.808403591752142,0.6810972980944633,0.31890219241293616,29.19541090541932,24.72593841122597,0.0,0.000928837396198581
924,4862900.1255962085,49.25313870990397,6.076732145509136,4145.88300538772,2117.313413647717,3.3257851488759016,8.804984334421928,3.9940204239010124,0.0,4.382590164830092e-14,0.1659286953036552,0.808402858131079,0.681097298044658,0.3189021924627417,29.195410905419198,24.725938411225865,0.0,0.0009281017462620861
925,4862916.620457568,49.253138668779336,6.078512443512154,4145.310097129165,2122.244096217568,3.3267953341099035,8.806755795564124,4.001797123420825,0.0,4.6707519010111804e-14,0.16592742056523055,0.8084020206232909,0.6810972979977558,0.3189021925096439,29.195410905419024,24.725938366646847,0.0,0.0009244521138729916
926,4862932.87793992,49.25313862796321,6.079463540696303,4144.978800925142,2124.908842322846,3.327340303739111,8.808563989857268,4.009817464388825,0.0,4.984775927237021e-14,0.16592596245292657,0.8084010624718097,0.6810972979517482,0.3189021925556516,29.19541090541883,24.72593841122528,0.0,0.0009224520810390431
927,4862948.886917733,49.25313858762073,6.079126985103856,4145.0769952009005,2123.9850196794823,3.3271514493710694,8.81040998037177,4.018093521587006,0.0,5.327525205938119e-14,0.16592429089505634,0.808399963870784,0.6810972979066106,0.3189021926007895,29.19541090541894,24.72593841122555,0.0,0.0009232115540985387
928,4862964.63622944,49.25313854798469,6.076518592777128,4145.851372448057,2116.8252139059227,3.325684999838037,8.812296483135567,4.026642694483495,0.0,5.702567906553643e-14,0.16592237005462993,0.8083987012142039,0.6810972978625831,0.31890219264481706,29.19541090541892,24.725938411225513,0.0,0.0009280693183334188
929,4862980.114914192,49.253138509424296,6.076864022283826,4145.754857367077,2117.7658241076883,3.3258779355068184,8.814228894560898,4.0354909667633585,0.0,6.114580727752998e-14,0.16592015657426923,0.808397245939006,0.681097297815448,0.31890219269195225,29.19541090541909,24.725938455804247,0.0,0.0009271886924618588
930,4862995.310797031,49.25313847151744,6.07832929452434,4145.273151244306,2121.8344734690095,3.32671150111907,8.816211719595014,4.044662740009508,0.0,6.568810241926529e-14,0.16591759812248802,0.8083955635656536,0.6810972977722352,0.31890219273516524,29.195410905419102,24.72593845580445,0.0,0.0009241208743091299
931,4863010.209804799,49.25313843413731,6.078713206664955,4145.109523902725,2122.9401167035826,3.3269377438824432,8.818247758318686,4.0541782601222245,0.0,7.070931695309006e-14,0.1659146318179869,0.8083936126578235,0.6810972977302343,0.3189021927771661,29.19541090541897,24.725938411225474,0.0,0.0009231141088163496
932,4863024.797785283,49.253138397481926,6.079361793469024,4144.895352375467,2124.74549510188,3.3273069171193526,8.82034266964519,4.064066948451907,0.0,7.628297270808177e-14,0.16591118074182695,0.8083913425226801,0.6810972976893194,0.3189021928180811,29.195410905419163,24.72593841122572,0.0,0.0009217312045363467
933,4863039.0601532925,49.253138361553596,6.079914998248033,4144.733694422501,2126.2650303421915,3.327617396613149,8.822501094664556,4.074356631432768,0.0,8.249262305041303e-14,0.16590715071561285,0.8083886910846421,0.6810972976494701,0.31890219285793053,29.195410905419212,24.725938411225666,0.0,0.0009201169189209832
934,4863052.981651039,49.25313832640817,6.0795966567784605,4144.815825530524,2125.401654354844,3.3274410142859,8.82472923078595,4.085080790606169,0.0,8.944157142014518e-14,0.16590242541755024,0.8083855816630091,0.6810972976107638,0.3189021928966369,29.195410905419124,24.725938366646798,0.0,0.0009208924166380478
935,4863066.546941004,49.25313829220437,6.076856413366996,4145.631566608253,2117.8732375211916,3.3258999624322,8.827031947445803,4.096270741388143,0.0,9.724790374307649e-14,0.16589686075386334,0.8083819192572085,0.6810972975733748,0.31890219293402633,29.195410905419184,24.725938366647146,0.0,0.0009260628117612034
936,4863079.740763966,49.25313825929112,6.076632559051092,4145.725057213459,2117.231990741253,3.325768447428353,8.829419537861863,4.107975053941877,0.0,1.0607258330655744e-13,0.16589027450182783,0.8083775837142414,0.6810972975376298,0.31890219296977124,29.195410905419347,24.725938366647174,0.0,0.0009262626950646542
937,4863092.546890959,49.253138227373256,6.078334583687948,4145.18846551238,2121.9340932439604,3.326731890693986,8.831899489352638,4.120236473964644,0.0,1.160993973262682e-13,0.16588243675347486,0.808372423419082,0.6810972975031473,0.31890219300425376,29.195410905419315,24.72593836664729,0.0,0.0009227644882424914
938,4863104.947304032,49.253138196260224,6.079546356604143,4144.766286123124,2125.329379603272,3.3274262457552446,8.834481735000875,4.133106257140513,0.0,1.275620858100302e-13,0.16587305463777233,0.8083662452101205,0.6810972974640302,0.31890219304337086,29.195410905419617,24.725938366647583,0.0,0.0009201703827040492
939,4863116.923573207,49.25313816606819,6.0803773382778585,4144.483391480337,2127.654091156758,3.32790102281807,8.837177448696272,4.146641678604359,0.0,1.4075347821484686e-13,0.1658617504277553,0.8083587999286923,0.6810972974286998,0.3189021930787014,29.19541090541947,24.725938366647476,0.0,0.0009184390631885158
940,4863128.457938068,49.25313813689532,6.080147868423893,4144.5356288458615,2127.038447964132,3.327775340202564,8.839998195931463,4.1609044507683155,0.0,1.5603797471759603e-13,0.16584803153886646,0.8083497626142497,0.6810972973965137,0.3189021931108878,29.195410905419347,24.725938366647252,0.0,0.0009190521956490105
941,4863139.532235901,49.25313810891097,6.077342060975282,4145.366435351632,2119.3287911531625,3.3261983380730435,8.842958268197524,4.17596713087951,0.0,1.7388677114596654e-13,0.16583124818034037,0.8083387045455485,0.6810972973653933,0.3189021931420082,29.19541090541943,24.725938366647267,0.0,0.0009243387484782535
942,4863150.128754338,49.253138082425544,6.076884867606634,4145.561969877873,2118.013732090074,3.3259287715182135,8.846075633970376,4.191917075279346,0.0,1.9492077089238926e-13,0.1658105280665719,0.808325050138727,0.6810972973364673,0.3189021931709342,29.195410905419227,24.72593836664707,0.0,0.0009251765524980764
943,4863160.2295185,49.25313805722483,6.0783131067671325,4145.131816598664,2121.93962372976,3.326733022612429,8.849359299192116,4.208820024226333,0.0,2.19863394580038e-13,0.16578470693728592,0.8083080310575507,0.6810972973095074,0.31890219319789426,29.195410905419163,24.725938366647085,0.0,0.0009223157810361656
944,4863169.815943982,49.25313803317361,6.079555796609776,4144.704752122232,2125.4155864430522,3.3274438610933195,8.852855959647234,4.226853367506691,0.0,2.4997628317209106e-13,0.165752128313562,0.808286554038184,0.6810972972812933,0.3189021932261083,29.195410905419248,24.7259383666471,0.0,0.0009196636401449381
945,4863178.870256606,49.25313801034644,6.0801939235282365,4144.471408597336,2127.217155333219,3.3278118267852017,8.856581286657077,4.246117079649702,0.0,2.8664844232057986e-13,0.1657104840475163,0.808259095567739,0.6810972972559953,0.31890219325140634,29.195410905419322,24.725938366647192,0.0,0.0009182739228736329
946,4863187.375460989,49.2531379888498,6.079707368054508,4144.582927291021,2125.911481868242,3.3275451775266482,8.860565329144535,4.266757334434101,0.0,3.318839243876413e-13,0.1656564652474157,0.8082234714083486,0.6810972972329465,0.3189021932744554,29.19541090541927,24.725938366647384,0.0,0.0009190749975191717
947,4863195.315637098,49.253137968819075,6.079500445743635,4144.661162563796,2125.32485210473,3.327425320595245,8.864854550794226,4.288976554352224,0.0,3.8864091394544715e-13,0.16558516723273178,0.8081764437350987,0.6810972972113505,0.3189021932960513,29.19541090541895,24.72593836664681,0.0,0.0009194579411794812
948,4863202.676315766,49.25313795026536,6.079783419484542,4144.5854983643385,2126.094991566425,3.327582664416588,8.869496011597102,4.312992150510873,0.0,4.610829326455202e-13,0.165489168985791,0.8081131133959455,0.6810972971917026,0.31890219331569947,29.195410905419198,24.725938366647224,0.0,0.0009188898520930346
949,4863209.443860445,49.25313793318794,6.080658520362612,4144.328598211111,2128.501965731329,3.3280740555964883,8.874549859245045,4.339070864391699,0.0,5.554132058775537e-13,0.1653569006246324,0.8080258423084488,0.6810972971738684,0.31890219333353365,29.195410905419045,24.725938322068473,0.0,0.0009172058111374022
950,4863215.604454466,49.25313791758894,6.08027394466339,4144.359050831529,2127.528494270179,3.327875385358945,8.880089716744246,4.367528155736874,0.0,6.810643079453726e-13,0.16516976917111603,0.8079023567288881,0.6810972971542796,0.31890219335312253,29.19541090541905,24.725938322068274,0.0,0.0009178480540271367
951,4863221.149064448,49.25313790357025,6.077339446059211,4145.127915162563,2119.56631923686,3.3262470097827546,8.886208494099339,4.398752600632294,0.0,8.528656745173966e-13,0.16489657540025215,0.8077220644230149,0.6810972971384109,0.3189021933689911,29.195410905419042,24.725938411225474,0.0,0.000923163918177248
952,4863226.073581405,49.25313789126067,6.076648848782015,4145.524600507342,2117.476464360442,3.325818591869241,8.893027798076403,4.433232208522113,0.0,1.0950554463222716e-12,0.1644824750697664,0.8074487778741859,0.6810972971236664,0.3189021933837359,29.19541090541897,24.72523594108462,0.0,0.000924984739142087
953,4863230.379038541,49.2531378805283,6.078297268332006,4145.200315215795,2121.8308038000187,3.3267107500150654,8.900704605541584,4.471565747549623,0.0,1.448592475516363e-12,0.1638259764275325,0.8070155673364172,0.6810972971116632,0.3189021933957389,29.19541090541863,24.724630005355937,0.0,0.0009223625206596678
954,4863234.0738142645,49.25313787125933,6.079729405766126,4144.718556686855,2125.826285393681,3.3275277727096957,8.90945591871878,4.514513748352296,0.0,1.9860054944991413e-12,0.1627268284083678,0.8062905055954466,0.6810972971017132,0.31890219340568904,29.195410905419035,24.72402475598993,0.0,0.0009195226511988862
955,4863237.173798815,49.25313786343874,6.080303801408576,4144.435700592308,2127.5229292318227,3.3278742493607116,8.919524558360305,4.5628204295319765,0.0,2.8339476969671495e-12,0.16076990328999363,0.8050006111973219,0.6810972970935406,0.3189021934138615,29.195410905418907,24.723769361748296,0.0,0.000918039491490102
956,4863239.706711475,49.25313785703414,6.080021262366436,4144.387738139997,2126.880217635627,3.3277430318469166,8.931423882835237,4.617721877022934,0.0,4.24051976594588e-12,0.1569992920324445,0.8025195023279585,0.6810972970868092,0.31890219342059306,29.19541090541914,24.723632918249738,0.0,0.0009181423830893196
957,4863241.733041602,49.25313785191584,6.079155873264432,4144.505058239463,2124.6419368431775,3.327285749465878,8.945858019504252,4.68048655355944,0.0,6.614403155543259e-12,0.14900831491028907,0.7972819811751062,0.6810972970815378,0.31890219342586434,29.19541090541915,24.723032916709933,0.0,0.0009193749996129682
958,4863243.3541057035,49.25313784783478,6.078227192092751,4144.71600288126,2122.1554882523737,3.3267772010620713,8.964499867617354,4.753927731192535,0.0,1.0286181102279534e-11,0.1300644881701521,0.7849886505528322,0.6810972970774317,0.31890219342997056,29.19541090541913,24.722793265949246,0.0,0.0009209341698754582
959,4863244.650956986,49.25313784458166,6.077682172358952,4144.9667406489925,2120.567723351116,3.326452146830166,8.989494194190762,4.844759395465597,0.0,1.2497330565525531e-11,0.08861299871335057,0.7587355354297626,0.6810972970740747,0.31890219343332754,29.195410905418875,24.722712799270248,0.0,0.0009221658295667176
960,4863245.169697498,49.25313784328322,6.077728922181839,4145.213731549563,2120.429148720935,3.3264237656740105,9.00487106207183,4.90513351978485,0.0,1.1570400891740704e-11,0.06344369589918264,0.7430740625520321,0.6810972970727699,0.3189021934346322,29.195410905418893,24.722793265948837,0.0,0.0009225057671849435
961,4863245.25269598,49.25313784307781,6.077763832228782,4145.298114304554,2120.4280434430066,3.3264235392970853,9.00824487914759,4.918808876838094,0.0,1.1396417575209827e-11,0.05902345603636297,0.740333455511025,0.6810972970725737,0.31890219343482845,29.195410905419227,24.722793265949154,0.0,0.0009225531082848559
962,4863245.344545954,49.25313784285226,6.077810576640489,4145.3936871441465,2120.444382635982,3.32642688578839,9.012031534402487,4.934618643994857,0.0,1.0918141273137026e-11,0.053729163045377164,0.7370653822311732,0.6810972970723653,0.31890219343503684,29.195410905418857,24.72279326594887,0.0,0.0009225980361742676
963,4863245.43058883,49.25313784264288,6.0778496237674355,4145.462694892466,2120.4691097966183,3.3264319502017226,9.01581194698425,4.950757516789966,0.0,1.0265274423307455e-11,0.048461096471040625,0.7338283607363942,0.6810972970721763,0.3189021934352261,29.195410905419212,24.72279326594916,0.0,0.0009226328828864336
964,4863245.514089979,49.253137842441525,6.077890628943255,4145.5304606719,2120.4998891982445,3.326438254102688,9.019716286886464,4.967903158230202,0.0,9.438850323585728e-12,0.04312619353606541,0.7305661847117281,0.6810972970719964,0.31890219343540566,29.19541090541876,24.722793265948667,0.0,0.0009226629876516938
965,4863245.5943182,49.25313784224991,6.0779263114817255,4145.582979524068,2120.533273810533,3.326445091471008,9.02372389846639,4.98608609265724,0.0,8.4848046326434e-12,0.037875438407938604,0.7273717004248365,0.6810972970718269,0.31890219343557547,29.195410905418495,24.722793265948606,0.0,0.0009226872767815505
966,4863245.671346539,49.25313784206781,6.07791686799127,4145.531415334638,2120.562971288862,3.3264511736017686,9.02786540276789,5.005526781001629,0.0,7.453320398925882e-12,0.03280219813154649,0.7243013580533819,0.681097297071666,0.31890219343573645,29.195410905419056,24.722793265949036,0.0,0.0009227023231270586
967,4863245.74507884,49.25313784189536,6.077940048257832,4145.557037226621,2120.5933508960625,3.3264573953463907,9.032149767297572,5.026365960212681,0.0,6.394357111936357e-12,0.028001823785554568,0.7214117345358053,0.6810972970715132,0.31890219343588916,29.195410905418715,24.72285405327684,0.0,0.0009227244160767633
968,4863245.8154501645,49.25313784173263,6.0779532721444065,4145.561015421375,2120.6215662270647,3.3264631737673382,9.036627119814685,5.048843068853971,0.0,5.3598447215592306e-12,0.023544301661691715,0.7187432219007375,0.6810972970713685,0.31890219343603377,29.195410905418736,24.722862362336038,0.0,0.0009227430234341898
969,4863245.882372595,49.25313784157973,6.077943415093649,4145.515426170552,2120.6441425289127,3.326467797275502,9.04137788528467,5.073269411672578,0.0,4.3915278561597026e-12,0.01947361758758281,0.7163200597199335,0.6810972970712313,0.31890219343617077,29.19541090541883,24.722871983352043,0.0,0.0009227533177742979
970,4863245.945749664,49.25313784143684,6.077920689916095,4145.444221284446,2120.6615100340846,3.326471354015939,9.046413198133983,5.099770194375645,0.0,3.5102962950450015e-12,0.01582558092302184,0.7141611147006377,0.6810972970711023,0.3189021934363,29.195410905418814,24.722871983352064,0.0,0.0009227504851276212
971,4863246.005463012,49.25313784130414,6.0776280608803965,4144.741906011717,2120.6656755218173,3.326472207073606,9.051844651464005,5.128727676590528,0.0,2.7375676472447667e-12,0.01261036383843215,0.7122698654361398,0.6810972970709807,0.31890219343642134,29.195410905418868,24.722871983352164,0.0,0.0009227336889295066
972,4863246.061391489,49.25313784118192,6.077674964925464,4144.842875834755,2120.6768705117597,3.326474499707273,9.057784591402676,5.160544723618048,0.0,2.0791380912497184e-12,0.009822660226661074,0.7106406500838335,0.6810972970708663,0.3189021934365357,29.19541090541873,24.722871983352125,0.0,0.0009227557995881586
973,4863246.113379526,49.2531378410703,6.077682056207459,4144.8507098650525,2120.686167600515,3.326476403658577,9.064200621185597,5.195229259057846,0.0,1.5298439640041721e-12,0.007463924740665606,0.7092715452386443,0.6810972970707609,0.3189021934366412,29.195410905418782,24.722871983352043,0.0,0.0009227702724907612
974,4863246.161290839,49.25313784096948,6.077654244780972,4144.779896173124,2120.6907285260545,3.3264773376877113,9.071589536539095,5.2342489156725724,0.0,1.0939351071210075e-12,0.005488027331042243,0.7081335501420418,0.6810972970706641,0.3189021934367382,29.195410905418775,24.722871983352054,0.0,0.0009227652884818897
975,4863246.2044405285,49.253137840880825,6.077629462991578,4144.719417632548,2120.6921114631177,3.326477620898144,9.07980013383541,5.277155195833584,0.0,7.547369931940376e-13,0.0038964641356599777,0.7072250979813183,0.681097297070577,0.3189021934368254,29.19541090541886,24.722871983352317,0.0,0.0009227669181299972
976,4863246.241752718,49.253137840806275,6.077606831451099,4144.665979546002,2120.691540462786,3.326477503963524,9.088815850677378,5.323353075194413,0.0,5.109364420290201e-13,0.0026806591847188654,0.7065393277380427,0.6810972970705016,0.3189021934369005,29.195410905418633,24.722871983351936,0.0,0.0009227687802710499
977,4863246.272792312,49.25313784074622,6.07757248385498,4144.586161301237,2120.689361174421,3.3264770576688223,9.098410787673233,5.3715696083454425,0.0,3.54952597791626e-13,0.001799856774293514,0.7060537724456856,0.6810972970704393,0.31890219343696297,29.195410905418512,24.722871983352004,0.0,0.0009227646129223246
978,4863246.29790035,49.253137840699374,6.077415559624112,4144.217126493559,2120.6838954106033,3.3264759383374543,9.108529029872313,5.421103196819421,0.0,2.883250506241571e-13,0.0011851325400920047,0.705739516707353,0.681097297070389,0.3189021934370132,29.195410905418434,24.722871983352125,0.0,0.0009227649537510769
979,4863246.317986781,49.2531378406634,6.0774118595424556,4144.210990990226,2120.681140900346,3.326475374241417,9.119034800198033,5.471370110774993,0.0,3.4102760206745513e-13,0.0007666251216063077,0.7055945147632511,0.681097297070349,0.3189021934370532,29.19541090541871,24.72287198335221,0.0,0.0009227803403572345
980,4863246.334055925,49.25313784063588,6.0773629710663855,4144.096864457858,2120.678582064254,3.326474850216827,9.130030770258841,5.522603542067164,0.0,6.282987396863118e-13,0.0004852519441082745,0.7057087307677797,0.6810972970703171,0.3189021934370849,29.195410905418427,24.722871983352064,0.0,0.0009227811563241731
981,4863246.34691124,49.253137840614954,6.077353489206163,4144.075941232061,2120.676846239506,3.326474494736546,9.141434016614742,5.5743787830417,0.0,1.4671558640515639e-12,0.00029953118944427924,0.7064415692756331,0.6810972970702921,0.3189021934371104,29.195410905418623,24.72288160436833,0.0,0.0009228243183037147
982,4863246.357195492,49.25313784059913,6.077139407858526,4143.5688824816125,2120.673155633699,3.3264737389348618,9.153209066585202,5.625854320449172,0.0,3.656391107794588e-12,0.00017929795593179802,0.7089080505951606,0.6810972970702719,0.3189021934371305,29.1954109054185,24.722881604368215,0.0,0.0009227433689748876
983,4863246.365422894,49.25313784058727,6.077118804737136,4143.522082025986,2120.6707578960295,3.326473247899822,9.16567949458219,5.675804962179716,0.0,9.206507242773871e-12,0.00010217021415673918,0.7162777889657004,0.6810972970702557,0.3189021934371465,29.19541090541844,24.722892428011082,0.0,0.0009227352670442214
984,4863246.372004815,49.253137840578454,6.077103416598855,4143.486899201486,2120.6692011320306,3.3264729290883044,9.179062113007733,5.7207112761371075,0.0,2.1994775543541783e-11,5.319920701300777e-05,0.7350880865184082,0.681097297070243,0.31890219343715925,29.195410905418296,24.722892428010955,0.0,0.0009227385328744585
985,4863246.377270352,49.253137840571995,6.076941396085637,4143.102367464511,2120.667257328659,3.3264725310142134,9.192492697177546,5.7576373748350225,0.0,4.2234310545548186e-11,2.3666910522746715e-05,0.7673005789370712,0.6810972970702329,0.3189021934371695,29.19541090541824,24.72289242801074,0.0,0.0009227034520994704
986,4863246.381482782,49.25313784056734,6.076891427628727,4142.984569883369,2120.6658511746164,3.3264722430458193,9.203969165673,5.790508515995268,0.0,5.55380120287316e-11,8.43988792420931e-06,0.799037812477088,0.6810972970702246,0.31890219343717763,29.195410905418267,24.722892428010645,0.0,0.0009226952561107642
987,4863246.384852726,49.25313784056397,6.076867345688498,4142.928060298732,2120.6649063711484,3.326472049557994,9.213094609074636,5.823545868151466,0.0,5.2815652559280835e-11,2.3350611166147395e-06,0.820325554319277,0.681097297070218,0.31890219343718407,29.193805165737082,24.72289002275662,0.0,0.000922690086818291
988,4863246.38754868,49.25313784056151,6.076852310804542,4142.892815634638,2120.6642805560473,3.326471921396263,9.220815632380317,5.857286822276666,0.0,4.118927361668e-11,4.978778782571422e-07,0.8324480104359541,0.681097297070213,0.3189021934371892,29.193805165737153,24.72292282167472,0.0,0.0009226866583340805
989,4863246.389705445,49.25313784055969,6.076841934795163,4142.868474055996,2120.6638674888795,3.32647183680352,9.227728377657709,5.890626679541275,0.0,2.7558335838859613e-11,8.309824419014273e-08,0.8388089987795654,0.6810972970702089,0.3189021934371933,29.193805165737146,24.722922821674747,0.0,0.0009226844166815233
990,4863246.391566057,49.25313784055824,6.076833966222761,4142.849765475054,2120.663565435129,3.326471774945397,9.233840829348928,5.923118816826527,0.0,1.4869219928842704e-11,1.0820669629992684e-08,0.8418575900504899,0.6810972970702055,0.3189021934371969,29.193805165737096,24.722922821674757,0.0,0.0009226828474470806
991,4863246.393377932,49.25313784055694,6.076827079714781,4142.833602357149,2120.6632993519115,3.3264717204537355,9.23915347815228,5.9556821805674165,0.0,5.9269539190246574e-12,1.4522190570851178e-09,0.8429872050137234,0.6810972970702022,0.3189021934372003,29.19380516573702,24.72297672123002,0.0,0.0009226816473430284
992,4863246.395139707,49.25313784055577,6.076823547060822,4142.825409847511,2120.6630616528496,3.326471671774911,9.244959976654984,5.990980576954938,0.0,2.006634831700617e-12,7.837383953471498e-10,0.8430563832521883,0.6810972970701987,0.3189021934372036,29.193805165736904,24.722976721229948,0.0,0.0009226961258032347
993,4863246.396889145,49.253137840554714,6.0767861970988495,4142.736626810288,2120.6627665230285,3.326471611334729,9.251649770988243,6.030122577966426,0.0,1.0447044413102095e-12,1.0508197279093303e-09,0.8424973213339879,0.6810972970701953,0.31890219343720694,29.193805165736826,24.72297672122994,0.0,0.0009226884086173761
994,4863246.398625942,49.25313784055379,6.076691895152716,4142.512191371578,2120.6623107972637,3.32647151800579,9.259118904479115,6.072581322000957,0.0,1.280658856122276e-12,1.560498615424695e-09,0.8412222240873417,0.681097297070192,0.3189021934372102,29.193805165736684,24.72297672122987,0.0,0.0009225841004756566
995,4863246.400710099,49.25313784055283,6.076640758691286,4142.390859233124,2120.6616891131694,3.326471390689899,9.27159512881788,6.132650983994552,0.0,2.655580237509034e-12,3.027198522004312e-09,0.8364754983077455,0.6810972970701881,0.31890219343721415,29.19380516573661,24.7228230036342,0.0,0.0009225741530465015
996,4863246.403211088,49.253137840552014,6.0754771774396445,4139.621205529758,2120.657552824863,3.3264705436104482,9.301203177323524,6.20077739085448,0.0,1.664788918529902e-11,1.5554117454247695e-08,0.778743487320625,0.6810972970701831,0.31890219343721893,29.19380516573649,24.722733790577227,0.0,0.0009223817417146036
997,4863246.404211483,49.253137840552014,6.075418412670316,4139.482288733027,2120.6564106171822,3.3264703096949697,9.310164288469355,6.23052414004394,0.0,3.4926889250492885e-11,2.4403271400374475e-08,0.7711582099729903,0.6810972970701813,0.318902193437221,29.193805165737036,24.72259253657138,0.0,0.0009224320412097812
998,4863246.40471168,49.253137840552014,6.075414594908775,4139.473541877258,2120.6560516043332,3.3264702361718324,9.316611149545826,6.239903010702671,0.0,2.0061717626593394e-11,1.8194332817604327e-08,0.7687958246287863,0.6810972970701803,0.3189021934372219,29.193805165737047,24.722467026045265,0.0,0.0009224140220679332
999,4863246.405211877,49.253137840552014,6.075414905443788,4139.47452947807,2120.6557978767196,3.3264701842103137,9.323300664111429,6.245054150529029,0.0,1.9789337259578342e-11,1.7859816984954677e-08,0.7627659455547209,0.6810972970701794,0.3189021934372228,29.193805165737047,24.7226059841278,0.0,0.0009224151970138762
1000,4863246.4058121145,49.253137840552014,6.075417229481057,4139.480320106236,2120.655538920754,3.326470131178061,9.328493277083558,6.251491871601734,0.0,2.2522787996252898e-11,1.870638704825811e-08,0.7510295821531103,0.6810972970701783,0.31890219343722404,29.193805165737057,24.722343264794787,0.0,0.0009224166892696105
1001,4863246.406532399,49.253137840552014,6.075420460878512,4139.488319052706,2120.655232649481,3.326470068455978,9.335496647757578,6.25914870840631,0.0,2.5310927328088824e-11,2.122916575399447e-08,0.7215982866451401,0.681097297070177,0.3189021934372253,29.193805165737082,24.7222133810796,0.0,0.0009224186278117136
1002,4863246.407108627,49.253137840552014,6.0754223329237345,4139.492992106814,2120.655015239651,3.326470023932053,9.339984506830167,6.260245146875142,0.0,2.08240288614453e-11,1.7922503143547724e-08,0.7157991546747313,0.6810972970701757,0.31890219343722637,29.193805165737068,24.72260598412782,0.0,0.0009224201606369573
1003,4863246.407571677,49.253137840552014,6.0754234717697475,4139.495850009337,2120.6548675298122,3.326469993682168,9.341592197768778,6.253619752023785,0.0,2.0549891268339938e-11,1.747919913544375e-08,0.7034609016465845,0.681097297070175,0.31890219343722737,29.193805165737082,24.72260598412783,0.0,0.000922421351736117
1004,4863246.408033259,49.253137840552014,6.0754247043478475,4139.498916456565,2120.6547349944776,3.3264699665399076,9.342717264656187,6.248482578592941,0.0,1.882985190635604e-11,1.521914907513857e-08,0.7054994678280855,0.6810972970701741,0.31890219343722814,29.193805165737068,24.72260598412782,0.0,0.000922422538339646
1005,4863246.40846259,49.253137840552014,6.07542579896874,4139.501633990792,2120.65462313402,3.3264699436317087,9.343552569999265,6.244564048182405,0.0,1.8208282287512847e-11,1.473899345764944e-08,0.6909190255175951,0.6810972970701733,0.3189021934372289,29.193805165737082,24.722605984127846,0.0,0.0009224236215628637
1006,4863246.408852298,49.253137840552014,6.075426716400545,4139.50390958207,2120.654531481231,3.3264699248618905,9.343643031193995,6.24013413801537,0.0,1.6448881135708646e-11,1.3328498258472188e-08,0.6944040654918131,0.6810972970701725,0.31890219343722953,29.193805165737082,24.722605984127846,0.0,0.0009224245775336895
1007,4863246.409208758,49.253137840552014,6.0754275272879354,4139.5059157856185,2120.6544557149846,3.3264699093455192,9.343214350056991,6.235848166875627,0.0,1.5630469860992326e-11,1.3407395498692328e-08,0.6775190990811318,0.6810972970701719,0.31890219343723036,29.193805165737093,24.722605984127853,0.0,0.0009224254278281895
1008,4863246.409522479,49.253137840552014,6.075428215605835,4139.507613885996,2120.6543963773247,3.3264698971936015,9.34224147001174,6.231607095271516,0.0,1.482761028300102e-11,1.2567919218699205e-08,0.684587275043766,0.6810972970701713,0.3189021934372308,29.193805165737082,24.722605984127846,0.0,0.0009224261487639748
1009,4863246.409797278,49.253137840552014,6.075428828470033,4139.509118963184,2120.6543505907,3.326469887816836,9.341219289333532,6.2285885290166405,0.0,1.4396205732876667e-11,1.2308595483145682e-08,0.6745085038294099,0.681097297070171,0.31890219343723136,29.193805165737093,24.722605984127853,0.0,0.0009224267558109752
1010,4863246.410066014,49.253137840552014,6.075429552607311,4139.510884678017,2120.654309429954,3.3264698793874166,9.340453962221162,6.226384573346063,0.0,1.3899890930292215e-11,1.1805417301913164e-08,0.6717074817463264,0.6810972970701704,0.31890219343723175,29.193805165737082,24.72260598412783,0.0,0.0009224273399428494
1011,4863246.410323311,49.253137840552014,6.075430347332696,4139.512814313915,2120.6542726582916,3.3264698718568493,9.339839471933969,6.225199083829664,0.0,1.3616034535248256e-11,1.1579570833115324e-08,0.6639714849017807,0.68109729707017,0.31890219343723225,29.193805165737093,24.722605984127846,0.0,0.0009224278916843445
1012,4863246.410571878,49.253137840552014,6.075431215815645,4139.514916573034,2120.654239098015,3.32646986498395,9.339576574223901,6.225291539285709,0.0,1.658465622166864e-11,1.2961423120693202e-08,0.663072509751899,0.6810972970701695,0.3189021934372326,29.193805165737082,24.72260598412783,0.0,0.0009224284216113956
1013,4863246.41081472,49.253137840552014,6.075432171482855,4139.517224422761,2120.654207752517,3.326469858564621,9.338588014450007,6.224780742061331,0.0,1.7032664723875736e-11,1.2237803856302408e-08,0.6565982182362081,0.6810972970701694,0.31890219343723303,29.193805165737093,24.722605984127846,0.0,0.000922428940500361
1014,4863246.411051882,49.253137840552014,6.075433210955772,4139.519730118232,2120.6541783087405,3.3264698525347507,9.33832436619214,6.223811150485538,0.0,1.619111675465857e-11,1.2081157728707106e-08,0.663666279629621,0.6810972970701688,0.31890219343723336,29.193805165737082,24.722605984127846,0.0,0.0009224294509533108
1015,4863246.411284528,49.253137840552014,6.075434339400805,4139.522446344652,2120.654150383684,3.326469846815903,9.338233446177707,6.224581335325832,0.0,1.6157618870097632e-11,1.2100736954826339e-08,0.6584755323203354,0.6810972970701685,0.31890219343723375,29.193805165737093,24.722605984127853,0.0,0.0009224299575572911
1016,4863246.41151486,49.253137840552014,6.075435570929041,4139.525407227371,2120.654123465482,3.3264698413032523,9.33833242171572,6.225974324863016,0.0,1.6289134788908898e-11,1.2058920885565485e-08,0.6532503524866972,0.6810972970701681,0.3189021934372341,29.193805165737082,24.722605984127846,0.0,0.0009224304668464884
1017,4863246.41174423,49.253137840552014,6.075436913639562,4139.528632410893,2120.6540972010116,3.32646983592448,9.338586545842329,6.227921468986464,0.0,1.653600277736499e-11,1.2138333494597706e-08,0.6480610048201523,0.6810972970701679,0.31890219343723447,29.193805165737093,24.722605984127853,0.0,0.0009224309827111027
1018,4863246.412019475,49.253137840552014,6.075438779242685,4139.533111219792,2120.654063130515,3.3264698289470913,9.339095216067232,6.230313755148117,0.0,1.663573072688403e-11,1.2003723078823954e-08,0.6486406472969503,0.6810972970701673,0.31890219343723486,29.193805165737082,24.722605984127846,0.0,0.0009224316289898802
1019,4863246.412349769,49.253137840552014,6.075441274089757,4139.5391015950845,2120.654016631837,3.326469819424501,9.339837990905817,6.2333446242580655,0.0,1.7102817609954743e-11,1.2106217032639936e-08,0.6414643817358829,0.6810972970701669,0.3189021934372354,29.193805165737093,24.722605984127853,0.0,0.0009224324373125178
1020,4863246.412664506,49.253137840552014,6.075443710175425,4139.544951023803,2120.6539710879674,3.3264698100974486,9.340562683254332,6.236794316998694,0.0,1.6015825077237383e-11,1.1539094057507653e-08,0.6343227646098724,0.6810972970701662,0.31890219343723586,29.193805165737082,24.722605984127846,0.0,0.0009224332128460132
1021,4863246.4130421905,49.253137840552014,6.075446909913207,4139.552634814656,2120.653910550505,3.326469797699817,9.341829587273015,6.24107580309198,0.0,1.684998873097498e-11,1.1881711874261202e-08,0.625500503805654,0.6810972970701659,0.3189021934372365,29.193805165737093,24.722605984127853,0.0,0.0009224341760786923
1022,4863246.413495412,49.253137840552014,6.075451019300462,4139.562508565896,2120.6538271430245,3.326469780618572,9.342892433373251,6.244513475493551,0.0,1.7352799834855534e-11,1.2160453961402977e-08,0.6144075627075183,0.6810972970701651,0.3189021934372372,29.193805165737093,24.722605984127846,0.0,0.0009224353697889059
1023,4863246.413917165,49.253137840552014,6.075454848744396,4139.571710903691,2120.653748194379,3.3264697644504633,9.343730358608099,6.248489525690587,0.0,1.587722336911289e-11,1.1600694300350287e-08,0.6107979156001482,0.6810972970701643,0.31890219343723786,29.1938051657371,24.722605984127853,0.0,0.0009224364723054139
1024,4863246.4143338315,49.253137840552014,6.075458733548382,4139.5810437785285,2120.6536706829975,3.326469748576695,9.344808241549082,6.252544398547963,0.0,1.4740217883342087e-11,1.1098795743002433e-08,0.6002314557478604,0.6810972970701638,0.31890219343723863,29.193805165737093,24.722605984127846,0.0,0.0009224375568866694
1025,4863246.414744319,49.253137840552014,6.075462673693307,4139.590506010334,2120.6535957721853,3.326469733235504,9.346372684888774,6.257487017433236,0.0,1.5547769464412166e-11,1.17919835074235e-08,0.5978995138373094,0.6810972970701631,0.3189021934372392,29.1938051657371,24.722605984127853,0.0,0.0009224386178599967
1026,4863246.415236906,49.253137840552014,6.075467671176534,4139.602509259909,2120.653498919167,3.3264697134007077,9.346262951284501,6.2671334079112135,0.0,1.656808661469704e-11,1.274940392952245e-08,0.5829948291398337,0.6810972970701623,0.3189021934372401,29.193805165737093,24.722605984127846,0.0,0.0009224399096402808
1027,4863246.41582801,49.253137840552014,6.075473760605815,4139.617148350047,2120.653367489046,3.32646968648477,9.350325222854787,6.267642776791119,0.0,1.5552370496214068e-11,1.2309208829755826e-08,0.5766108246187153,0.6810972970701612,0.318902193437241,29.1938051657371,24.722605984127853,0.0,0.0009224414693124819
1028,4863246.416537333,49.253137840552014,6.075480918642072,4139.634383459348,2120.653185327736,3.3264696491794483,9.353357008150613,6.272717800970802,0.0,1.500796532744352e-11,1.2594145455970154e-08,0.5536218415306262,0.68109729707016,0.3189021934372423,29.193805165737082,24.72260598412782,0.0,0.0009224433355426868
1029,4863246.417388522,49.253137840552014,6.07548906475053,4139.654043429323,2120.6529312048656,3.3264695971369136,9.357046737721683,6.28045841103139,3.716642662149278e-24,1.4581015311338208e-11,1.3209698500761844e-08,0.5458795981043301,0.6810972970701585,0.3189021934372438,29.193805165737093,24.722605984127846,0.0,0.0009224455495498283
1030,4863246.418409949,49.253137840552014,6.075498021184301,4139.675731974383,2120.6525772027485,3.3264695246398177,9.360859003037465,6.28662363192656,0.0,1.3721205230366955e-11,1.4072645658358826e-08,0.5078952402789916,0.6810972970701566,0.3189021934372455,29.193805165737082,24.72260598412783,0.0,0.0009224481475613819
1031,4863246.419635661,49.253137840552014,6.075507472621591,4139.698733134286,2120.652087031628,3.3264694242562665,9.367517522394564,6.305075201996255,0.0,1.4074850142513065e-11,1.5602600278853797e-08,0.4834219181345124,0.6810972970701545,0.31890219343724785,29.193805165737093,24.722605984127846,0.0,0.0009224511531665265
1032,4863246.420616231,49.253137840552014,6.075514139270983,4139.714978363033,2120.6517196741293,3.326469349024054,9.36714813331381,6.308289899812327,0.0,8.97924594877694e-12,1.3925654855825922e-08,0.4340971242144555,0.6810972970701527,0.31890219343724957,29.193805165737082,24.722605984127853,0.0,0.0009224533001330095
1033,4863246.421400687,49.253137840552014,6.075519263406994,4139.727436379854,2120.651466486714,3.3264692971730576,9.370730824536354,6.306628356966857,0.0,8.273306419056157e-12,1.3913700493406456e-08,0.4356468179838841,0.6810972970701512,0.318902193437251,29.193805165737093,24.722605984127867,0.0,0.0009224548329113976
1034,4863246.422342034,49.253137840552014,6.075525699072447,4139.7430652903095,2120.651166737999,3.3264692357866283,9.373984094623722,6.312098561555694,0.0,7.405477287129458e-12,1.4721400358164823e-08,0.38933021145859703,0.6810972970701493,0.31890219343725273,29.193805165737082,24.722605984127867,0.0,0.0009224566239339317
1035,4863246.42347165,49.253137840552014,6.075532907964595,4139.760620997268,2120.6507808167385,3.3264691567526543,9.382917790944134,6.3434460638176295,0.0,9.894656512271663e-12,1.860515850742969e-08,0.38787617335996855,0.6810972970701473,0.3189021934372549,29.193805165737093,24.722605984127878,0.0,0.0009224587173609827
1036,4863246.424800324,49.253137840552014,6.075483234214626,4139.642826102301,2120.650188791512,3.326469035510002,9.390779315189231,6.366708079919812,4.0731071823122054e-26,7.686091772525791e-12,2.048887228816911e-08,0.315920454426348,0.6810972970701449,0.31890219343725745,29.193805165737082,24.722605984127867,0.0,0.0009224368729361489
1037,4863246.426209919,49.253137840552014,6.075395942585022,4139.435592777369,2120.649394945004,3.326468872935701,9.4080384992335,6.436709727666487,0.0,1.0186817141738442e-11,2.6399212140821846e-08,0.2860659461992951,0.681097297070142,0.31890219343726006,29.193805165737093,24.722605984127867,0.0,0.0009224200793349963
1038,4863246.427337595,49.253137840552014,6.075197028037206,4138.962433355856,2120.648578129607,3.3264687056574656,9.414561886639392,6.460617823143626,0.0,9.556390204363204e-12,3.130161490141633e-08,0.19573671327937053,0.68109729707014,0.3189021934372622,29.193805165737093,24.722605984127867,0.0,0.0009223894239556014
1039,4863246.428239737,49.253137840552014,6.074685466190002,4137.744817306773,2120.647511421696,3.326468487202847,9.432439504192109,6.545477672954725,0.0,1.724270500984323e-11,3.792756356771639e-08,0.1797891382765908,0.6810972970701382,0.31890219343726395,29.193805165737093,24.722605984127853,0.0,0.0009237841200118118
1040,4863246.428961449,49.253137840552014,6.072713123952135,4133.051879711336,2120.6451780056227,3.3264680093345187,9.439572600589258,6.595188247705811,9.072752255599008e-31,2.574052069516063e-08,1.8892142268681647e-09,1.4141233787312557e-06,0.6810972970701377,0.3189021934372648,29.193805165737093,24.72262544481919,0.0,0.0009275544744176119
1041,4863246.42953882,49.253137840552014,6.072190727110632,4131.8108752303015,2120.643450777991,3.3264676556092736,9.443547685105676,6.734949393089244,4.886311054695511e-33,3.734654760256742e-08,8.225901441246908e-11,5.486274229594968e-08,0.6810937447492924,0.3189057457672822,29.193805165737114,24.722625444819208,0.0,0.0009272565203256094
1042,4863246.430000716,49.253137840552014,6.072126501203481,4131.659151041028,2120.642391563373,3.326467438688707,9.460815861626822,6.883338916830933,0.0,3.4540671012500065e-08,1.09062182789664e-10,6.817207237253081e-08,0.6810931279140517,0.31890636260410304,29.193805165737093,24.7226254448192,0.0,0.0009271118058313068
1043,4863246.430370233,49.253137840552014,6.07199815136044,4131.354573580713,2120.641698379537,3.32646729672891,9.481605891835851,7.027894904766333,0.0,7.127678392050026e-08,3.669759428534755e-10,1.730809013086323e-07,0.681093107131198,0.31890638338700994,29.193805165737082,24.72262544481919,0.0,0.0009268874410873153
1044,4863246.430444136,49.253137840552014,6.07197250108088,4131.293651486896,2120.6416173568327,3.326467280135954,9.459984523090814,6.980078600999419,0.0,1.7033892342547798e-07,1.55269566026379e-09,5.217128473805496e-07,0.6810930911031325,0.31890639941511667,29.193805165737068,24.72256957732888,0.0,0.0009268687055742366
1045,4863246.430505394,49.253137840552014,6.071955757148657,4131.253872591482,2120.6415755460866,3.326467271573368,9.457709845909848,6.9855461503913,6.535639644476237e-32,4.564556637027324e-08,4.481692879559707e-10,2.1411953286520282e-07,0.6810930708907549,0.3189064196275459,29.193805165737068,24.72256957732887,0.0,0.0009268541884258981
1046,4863246.430566653,49.253137840552014,6.0719447212983155,4131.227656157389,2120.6415465029045,3.3264672656255008,9.436180710156588,6.935087384937212,0.0,3.838303894145477e-08,3.9486760275571e-10,1.9577179336769685e-07,0.6810930464996189,0.3189064440187445,29.193805165737068,24.722664803520743,0.0,0.000926840561426346
1047,4863246.430640162,49.253137840552014,6.071937404398605,4131.210283726622,2120.641517715187,3.326467259729952,9.420474410415856,6.90104424128355,1.9301720060507403e-31,9.700698908611645e-09,1.6019181520425063e-10,1.1272926131687509e-07,0.6810930464774537,0.3189064440409096,29.193805165737068,24.722664803520754,0.0,0.0009268252486090194
1048,4863246.4306989685,49.253137840552014,6.071933629245105,4131.20132419198,2120.641499022214,3.3264672559017443,9.4201035244662,6.9068616652635875,7.06665536999386e-32,3.376935138836444e-09,1.0763157098815585e-10,9.782143850947188e-08,0.6810930464724745,0.318906444045889,29.193805165737068,24.722664803520754,0.0,0.0009268135557370885
1049,4863246.430769538,49.253137840552014,6.071931348306735,4131.195920657502,2120.641477682535,3.326467251531508,9.413018931603451,6.895267027097963,9.961098621826628e-32,3.23869406333535e-09,9.180633758641036e-11,8.394944673690975e-08,0.6810929853423197,0.3189065051762002,29.193805165737068,24.722664803520754,0.0,0.0009268001402786739
1050,4863246.43085422,49.253137840552014,6.071930500824177,4131.193931601468,2120.6414506322712,3.3264672459917786,9.415562293518333,6.910841695121717,3.02784466519311e-32,1.967048532565132e-09,7.363734852354855e-11,7.55800469343818e-08,0.6810929648323915,0.3189065256861808,29.193805165737068,24.722664803520754,0.0,0.0009267847794043642
1051,4863246.430925385,49.253137840552014,6.071930244914803,4131.193343776125,2120.641429324869,3.3264672416281518,9.413790979036174,6.913452380808924,5.252532433188391e-32,2.2893393077159834e-09,6.946603833798374e-11,6.840567730387036e-08,0.6810929510745064,0.31890653944410113,29.193805165737068,24.722664803520754,0.0,0.0009267723462709426
1052,4863246.43099516,49.253137840552014,6.071930356231386,4131.193627887348,2120.6414094196257,3.326467237551679,9.41520156451882,6.924329056206646,2.9853302963107865e-32,1.9925505024038727e-09,6.215288735251291e-11,6.299860570493081e-08,0.6810929380787604,0.3189065524398803,29.193805165737068,24.722664803520754,0.0,0.0009267605479089622
1053,4863246.431078889,49.253137840552014,6.071931115657314,4131.195458614168,2120.6413840296977,3.326467232351976,9.416482245477173,6.936337241969308,3.235853491733007e-32,2.1553410036400708e-09,5.751779694251887e-11,5.6978512445969583e-08,0.6810929375472232,0.31890655297141884,29.193805165737068,24.722664803520754,0.0,0.0009267469068564592
1054,4863246.431179364,49.253137840552014,6.071932615813279,4131.199059578072,2120.6413497083113,3.326467225323164,9.42100925503036,6.958862948023428,4.6096342299583005e-32,2.301743111225805e-09,5.2366274663872765e-11,5.080817867751786e-08,0.6810929094742866,0.3189065810444274,29.193805165737068,24.722664803520754,0.0,0.0009267312199312102
1055,4863246.431299934,49.253137840552014,6.071934903274157,4131.204545820126,2120.6413020654018,3.3264672155661854,9.428344116872779,6.991602446242153,2.8052213363507074e-32,3.0440048258774224e-09,5.045932116774345e-11,4.548662066091378e-08,0.6810929083467075,0.3189065821720092,29.193805165737068,24.722664803520754,0.0,0.0009267132897888
1056,4863246.43140934,49.253137840552014,6.071936797475235,4131.209092950716,2120.641258428021,3.326467206629514,9.434890458320618,7.022087752894985,0.0,4.798358330205424e-09,6.138468033063296e-11,4.9117024382277804e-08,0.6810929083010496,0.3189065822176674,29.193805165737068,24.722664803520754,0.0,0.0009266977152592794
1057,4863246.431514931,49.253137840552014,6.071938540402219,4131.213278125406,2120.641217062921,3.326467198158192,9.441718523452622,7.053809412382479,0.0,7.1259945841442334e-09,9.148949408601217e-11,6.579892006143078e-08,0.6810929082970189,0.31890658222169804,29.193805165737068,24.722664803520754,0.0,0.0009266832774587094
1058,4863246.431616917,49.253137840552014,6.071940197598943,4131.217256879403,2120.6411783138024,3.326467190222607,9.44774847486781,7.083923371052869,0.0,1.0682540316696061e-08,1.4759042375261048e-10,9.495926129271105e-08,0.6810929082952003,0.3189065822235167,29.193805165737068,24.722664803520754,0.0,0.0009266698575465518
1059,4863246.431717304,49.253137840552014,6.071941865616623,4131.221259768375,2120.641141209785,3.326467182623929,9.453181564390507,7.113035399838744,0.0,1.50816093488015e-08,2.1912521361062888e-10,1.277850573221826e-07,0.681092856720218,0.31890663379863093,29.193805165737068,24.722664803520754,0.0,0.0009266571234920427
1060,4863246.431837766,49.253137840552014,6.071944313462581,4131.22712773606,2120.6410932790955,3.3264671728080133,9.457739874954134,7.143415332202648,0.0,2.030428961223774e-08,3.0858846861343036e-10,1.64708984647728e-07,0.6810928519624706,0.31890663855639056,29.193805165737068,24.722664803520754,0.0,0.0009266424849455322
1061,4863246.431982323,49.253137840552014,6.071947681972991,4131.235202010525,2120.6410280607,3.32646715945168,9.466462604034245,7.189021477991457,0.0,2.5396545526133744e-08,4.1382660718246433e-10,2.05067253145187e-07,0.6810928514927848,0.31890663902607747,29.193805165737068,24.722664803520754,0.0,0.0009266257707613743
1062,4863246.432155789,49.253137840552014,6.071952046722995,4131.245670382878,2120.6409372899957,3.326467140862387,9.475038563712815,7.239811401060641,0.0,3.925404561313551e-08,7.362899583856349e-10,3.1651169106442857e-07,0.6810928514386256,0.31890663908023675,29.193805165737068,24.722664803520754,0.0,0.0009266068149566773
1063,4863246.432363949,49.253137840552014,6.071957498342614,4131.258759078703,2120.640810006479,3.3264671147954896,9.497482422202777,7.333229028375575,0.0,5.52927070550536e-08,1.40295090669914e-09,5.243785253737175e-07,0.6810928514322941,0.3189066390865682,29.193805165737068,24.722664803520754,0.0,0.0009265854948153463
1064,4863246.432530477,49.253137840552014,6.071960924121644,4131.267000462171,2120.640713112562,3.3264670949521977,9.505174470768818,7.38058120392249,0.0,1.3213062687990333e-07,7.838620024207068e-09,2.033764050989921e-06,0.6810928514310344,0.31890663908782807,29.193805165737082,24.722664803520775,0.0,0.0009265692951435274
1065,4863246.432597089,49.253137840552014,6.071960988396735,4131.267179394831,2120.640686341188,3.326467089469581,9.504816485782305,7.391088802764201,0.0,1.7321865146878675e-07,1.3308646619296605e-08,3.0499179393565523e-06,0.681092851430665,0.31890663908819733,29.193805165737082,24.722664803520775,0.0,0.0009265628860674719
1066,4863246.432650378,49.253137840552014,6.071960785064324,4131.266710882599,2120.6406708981913,3.326467086306948,9.500355277728584,7.388102792854428,0.0,1.5904488139543254e-07,1.3634501040950834e-08,3.143471350212613e-06,0.6810928513210893,0.31890663919777346,29.193805165737082,24.722664803520775,0.0,0.000926557804911283
1067,4863246.432714324,49.253137840552014,6.071961138024882,4131.267565888527,2120.6406548691225,3.3264670830242906,9.501977418514508,7.40433042469958,1e-30,1.1885191136057737e-07,1.0981690917525066e-08,2.7215893023618096e-06,0.6810928512762282,0.3189066392426345,29.193805165737093,24.722664803520786,0.0,0.0009265518543037498
1068,4863246.43279106,49.253137840552014,6.0719622572137,4131.2702462482075,2120.6406356082266,3.326467079079775,9.509278539880162,7.437890880033829,0.0,1.2361214805343525e-07,1.2263878285296707e-08,2.961320581206341e-06,0.6810928512579301,0.3189066392609328,29.193805165737093,24.722664803520786,0.0,0.0009265449253194869
1069,4863246.432883143,49.253137840552014,6.071964158577202,4131.274792633655,2120.640610296978,3.326467073896183,9.517439666279866,7.4740842117938335,4.4782901408881855e-33,1.7669348389813655e-07,1.8128878196367066e-08,3.89200754907809e-06,0.6810928512452034,0.3189066392736594,29.193805165737093,24.722664803520786,0.0,0.0009265368719695994
1070,4863246.432993644,49.253137840552014,6.071966837929325,4131.281198456621,2120.640575485184,3.326467066766936,9.540058415284374,7.542782337309251,3.0944414075896244e-32,2.7479527995987264e-07,2.560907580205932e-08,4.820797147170635e-06,0.6810928512383654,0.31890663928049745,29.193805165737093,24.722664803520786,0.0,0.0009265275299722754
1071,4863246.433126244,49.253137840552014,6.071970314855233,4131.289514748587,2120.640526608324,3.326467056757248,9.600814614487465,7.635026816939051,1.887764632235254e-31,1.0777174797739366e-06,3.954701342908165e-08,5.153233332188654e-06,0.6810928512381108,0.31890663928075236,29.193805165737093,24.722664803520786,0.0,0.0009265167316609095
1072,4863246.433232323,49.253137840552014,6.071972646487369,4131.295096148026,2120.6404892411692,3.3264670491046786,9.641581484685117,7.627169721730827,2.3811248730150233e-31,1.6980263879980025e-05,3.024766434893638e-09,2.692192325290037e-07,0.6810928512379169,0.318906639280946,29.193805165737093,24.722664803520786,0.09288845512224893,0.0009265083155274601
1073,4863246.433317187,49.253137840552014,6.071974164778227,4131.298732518923,2120.6404629353106,3.326467043717396,9.649697328686644,7.768887820647021,1.6620688373941807e-31,0.0006704624639478707,4.932648398985261e-11,3.78340528591486e-10,0.6810928512378203,0.3189066392810426,29.193805165737093,24.722664803520786,0.37123644312468673,0.000926501705317485
1074,4863246.433385079,49.253137840552014,6.071975172852735,4131.301147198573,2120.640445164798,3.3264670400781013,9.684686920229815,7.96353720751241,8.209200831337822e-32,0.0006649512682448329,5.611317377320583e-11,2.9552596858642547e-10,0.6810928512377558,0.3189066392811071,29.193805165737093,24.722569577328912,0.5840880708138384,0.0009264964911253791
1075,4863246.433391868,49.253137840552014,6.071975090567378,4131.300952445642,2120.6404442044204,3.326467039881422,9.644176938834134,7.848312667118259,6.657731558006644e-32,0.001812136992795329,4.69524826490883e-10,1.522800766444796e-09,0.6810928114255975,0.3189066790933673,29.193805165737093,24.722569577328912,0.8208531097510631,0.0009264959596573419
1076,4863246.4333973,49.253137840552014,6.071974852987296,4131.3003878606,2120.6404437729616,3.3264670397930614,9.644541850251668,7.8504678151482725,1.1641802245998126e-30,0.0004190124204012125,2.7926015774429025e-11,1.7075021907035312e-10,0.6810928098661585,0.3189066806528102,29.193805165737093,24.722569577328926,0.8438711157445244,0.0009264955244973925
1077,4863246.433401645,49.253137840552014,6.071974660969913,4131.299931408623,2120.6404435701756,3.3264670397515324,9.645212812772247,7.858102747227623,3.5289603437779337e-31,0.00041232291364296945,2.7924365680333276e-11,1.9879454366680984e-10,0.6810928046798876,0.31890668583909426,29.193805165737093,24.722569577328926,0.6554649224828312,0.0009264951737829913
1078,4863246.433405121,49.253137840552014,6.071974522674784,4131.299602617186,2120.6404434700635,3.3264670397310296,9.635612632342317,7.834626422638458,5.344586705558532e-31,0.00041724863236859136,2.8762791989074646e-11,1.9937157822755547e-10,0.6810928044062339,0.3189066861127488,29.193805165737082,24.722569577328912,0.7345683251388001,0.0009264948928492884
1079,4863246.433407902,49.253137840552014,6.071974424662719,4131.299369578603,2120.6404434182296,3.3264670397204146,9.631666641841777,7.826062785078656,1.0210083214813812e-30,0.0003066502552896848,1.4963795893651095e-11,7.705344074269261e-11,0.6810928043631779,0.3189066861558049,29.193805165737082,24.7225695773289,0.6505472924907176,0.0009264946683140918
1080,4863246.433410127,49.253137840552014,6.07197435463743,4131.299203074054,2120.640443390218,3.326467039714678,9.625962628177767,7.8118709623703095,9.972600822962115e-31,0.00025189630428271674,1.0554069146888662e-11,7.461549037402525e-11,0.6810928012383868,0.318906689280604,29.193805165737082,24.722569577328912,0.7407309500240953,0.0009264944889765821
1081,4863246.433411906,49.253137840552014,6.071974303845497,4131.299082297446,2120.640443374728,3.3264670397115057,9.623563002917548,7.80670414434061,1.200812477414273e-30,0.00021007530043341659,7.202842826431124e-12,4.036248191195419e-11,0.6810928012323846,0.31890668928660615,29.193805165737082,24.722569577328912,0.6505472924907231,0.0009264943457461463
1082,4863246.433414042,49.253137840552014,6.071974252484401,4131.298960168084,2120.6404433584094,3.3264670397081635,9.619779908877044,7.797899455372771,1.1266739578946248e-30,0.00017567979932139478,5.551094741124318e-12,5.679438512882015e-11,0.6810928012303431,0.31890668928864785,29.193805165737082,24.722569577328912,0.6718246870341755,0.0009264941743802354
1083,4863246.433416605,49.253137840552014,6.071974203241441,4131.298843079717,2120.6404433382786,3.326467039704041,9.617119657517218,7.792651461867647,1.1618410249100712e-30,0.00014204390021418516,4.2854789908704196e-12,6.786864488413771e-11,0.6810928012295611,0.31890668928942983,29.193805165737082,24.722569577328912,0.6505472924907231,0.0009264939695520037
1084,4863246.43341968,49.253137840552014,6.071974158345928,4131.298736337089,2120.640443311186,3.3264670396984926,9.614472445043411,7.787877388916895,1.207560544424769e-30,0.00011622238135449598,4.416185996738942e-12,1.1194475834030441e-10,0.6810928012286779,0.3189066892903129,29.193805165737082,24.722569577328912,0.6505472924907231,0.0009264937249062238
1085,4863246.433423371,49.253137840552014,6.071974120277938,4131.29864584223,2120.6404432730333,3.3264670396906793,9.61253005340942,7.785607177561819,9.977871394993316e-31,9.702143758559274e-05,4.9630243550795005e-12,1.5947250479494643e-10,0.6810928003256208,0.3189066901933724,29.193805165737082,24.722569577328912,0.6505472924907231,0.0009264934328756012
1086,4863246.4334277995,49.253137840552014,6.071974092462105,4131.298579744668,2120.6404432184872,3.3264670396795086,9.611445475755932,7.78636320784966,1.3576753471025908e-30,8.503243114207797e-05,5.55968990694688e-12,1.9964057522893105e-10,0.6810928002981143,0.318906690220879,29.193805165737082,24.722569577328912,0.6505472924907231,0.0009264930844629904
1087,4863246.433433115,49.253137840552014,6.071974079309921,4131.2985485425625,2120.6404431404953,3.326467039663536,9.611321473962217,7.790539869409798,6.216152643434399e-31,7.869364280452254e-05,5.9088297503144646e-12,2.2246118522270164e-10,0.6810928002874029,0.3189066902315903,29.193805165737082,24.722569577328912,1.4744694891448,0.0009264926689804804
1088,4863246.433439491,49.253137840552014,6.07197408651795,4131.298565793654,2120.6404430283887,3.3264670396405775,9.612590083555025,7.799492137794318,3.5530785386523857e-31,7.683203519842742e-05,6.0704659861432576e-12,2.3082122950375407e-10,0.681092800283774,0.3189066902352193,29.193805165737082,24.722569577328912,1.4974959809062038,0.0009264921737299274
1089,4863246.433447144,49.253137840552014,6.071974121436201,4131.298648991792,2120.640442867492,3.3264670396076266,9.61623452013271,7.816158418262658,7.385034328060511e-31,8.056330174747264e-05,6.1699273191176034e-12,2.2746609700888005e-10,0.6810927988766832,0.31890669164231367,29.193805165737082,24.722569577328912,1.5005304798205015,0.0009264915836390438
1090,4863246.433456327,49.253137840552014,6.071974193322583,4131.298820174009,2120.6404426371014,3.3264670395604443,9.623440426318938,7.844103715643266,6.417050018759574e-31,9.507323245888582e-05,6.365990325293152e-12,2.108653262857621e-10,0.6810927973976315,0.318906693121369,29.193805165737082,24.722569577328926,1.5030294789264,0.0009264908807854103
1091,4863246.433467346,49.253137840552014,6.071974313684507,4131.299106736641,2120.6404423066438,3.3264670394927682,9.636488908855164,7.889921218343088,2.879898670910019e-31,0.00013300862431656936,7.272263795990705e-12,1.8286419583084962e-10,0.6810927969529501,0.31890669356605167,29.193805165737082,24.722569577328926,1.5030294789263974,0.0009264900439012652
1092,4863246.433478389,49.253137840552014,6.07197445355845,4131.299439728299,2120.64044194932,3.3264670394195908,9.654972848889964,7.951459917809817,8.502624232888328e-32,0.00024109916540950038,1.2979000326245374e-11,1.5799581056619073e-10,0.6810927968270245,0.31890669369197755,29.193805165737082,24.722569577328926,1.5030294789264,0.0009264892105611518
1093,4863246.4334872225,49.253137840552014,6.07197456460017,4131.299704062026,2120.640441684499,3.326467039365357,9.673934614539066,8.014352034866986,1.9095080801955007e-31,0.000515636993245992,4.6867545290373696e-11,2.2564301986934038e-10,0.6810927967832536,0.3189066937357486,29.193805165737082,24.722569577328926,1.5030294789264,0.0009264885462492748
1094,4863246.43349429,49.253137840552014,6.0719746494699365,4131.299906075081,2120.6404415011957,3.3264670393278175,9.691644063291081,8.074201672019282,1.8933022756247814e-31,0.0009948966578281718,1.664327612796189e-10,5.613219073894757e-10,0.6810927967609558,0.31890669375804664,29.193805165737082,24.722569577328926,1.506599477649098,0.0009264880158707504
1095,4863246.433499943,49.253137840552014,6.071974714101267,4131.300059898521,2120.6404413787077,3.3264670393027327,9.703965875559154,8.119974415693873,6.89688575949535e-32,0.0017159033540952988,4.810689622552955e-10,1.4108520878725468e-09,0.6810927967602457,0.31890669375875647,29.193805165737082,24.722569577328926,1.5476022859500367,0.000926487592101756
1096,4863246.433504467,49.253137840552014,6.071974763469364,4131.3001773821825,2120.6404412985758,3.3264670392863223,9.712211477586987,8.153312474131832,6.287742396420545e-32,0.0024053940007773156,9.275636708631221e-10,2.5052898773966757e-09,0.6810927959606562,0.318906694558348,29.193805165737082,24.722569577328926,1.6670077553365572,0.0009264872533724509
1097,4863246.433508085,49.253137840552014,6.071974801593779,4131.300268098593,2120.640441247073,3.3264670392757747,9.719427889680134,8.181895787336053,8.49203879072458e-32,0.0029387848255058506,1.3608001929253339e-09,3.451640601195797e-09,0.6810927959226745,0.3189066945963299,29.193805165737082,24.722569577328926,1.597469674849221,0.0009264869825532294
1098,4863246.43351098,49.253137840552014,6.071974831190413,4131.300338516262,2120.640441214315,3.326467039269066,9.72605522712423,8.20768973664658,7.308529275559896e-32,0.003466491835887203,1.8505328791577974e-09,4.418120615026477e-09,0.6810927954079427,0.318906695111063,29.193805165737082,24.722569577328926,1.6670077553365572,0.0009264867659967949
1099,4863246.433513296,49.253137840552014,6.071974854465487,4131.300393888057,2120.6404411940184,3.326467039264909,9.731904377785762,8.230406268096422,9.489097455684504e-32,0.003997945502717881,2.3931983649359853e-09,5.37396354130448e-09,0.6810927953829236,0.3189066951360823,29.193805165737082,24.722569577328926,1.7196407533134508,0.0009264865928152025
1100,4863246.433515148,49.253137840552014,6.071974872734196,4131.300437346295,2120.640441181512,3.326467039262348,9.737064189625125,8.250295343945458,9.176028528986244e-32,0.004485583892148989,2.915686439891891e-09,6.155152658131217e-09,0.681092795379591,0.31890669513941483,29.193805165737082,24.722569577328926,1.7889415828264035,0.0009264864543090133
1101,4863246.433516631,49.253137840552014,6.0719748872069115,4131.300471772063,2120.6404411740987,3.3264670392608298,9.741601056286624,8.267640788250702,1.2234092769026137e-31,0.004913759039736641,3.370081389250812e-09,6.6817124225037265e-09,0.6810927953788567,0.31890669514014924,29.193805165737082,24.722569577328926,1.7196407533134481,0.0009264863435294484
1102,4863246.4335178165,49.253137840552014,6.071974898633946,4131.300498951576,2120.640441169879,3.3264670392599656,9.745343043365688,8.282043282267203,1.3089158125723548e-31,0.005269304777931573,3.7155508002821227e-09,6.910058160726105e-09,0.6810927952690902,0.3189066952499158,29.193805165737082,24.722569577328926,1.687464306484812,0.0009264862549213289
1103,4863246.433518778,49.253137840552014,6.071974908015832,4131.3005212652815,2120.6404411678154,3.3264670392595432,9.747964220764635,8.292558039816047,1.2628265590496429e-31,0.005509705765867114,3.879526527601108e-09,6.765661143472625e-09,0.6810927952356897,0.31890669528331655,29.193805165737082,24.722569577328926,1.831049635515235,0.0009264861830804083
1104,4863246.433519573,49.253137840552014,6.071974915724794,4131.300539599268,2120.6404411670164,3.3264670392593794,9.750236492672686,8.301243756505421,1.1624938560200576e-31,0.005580656543351032,3.793400557821519e-09,6.218712116821722e-09,0.6810927952230923,0.31890669529591387,29.193805165737082,24.722569577328926,1.6898793182720173,0.0009264861236734488
1105,4863246.433520278,49.253137840552014,6.071974922672204,4131.300556121624,2120.6404411667604,3.326467039259327,9.751863134829264,8.307758539582696,1.5676571777251835e-31,0.00557609959655565,3.5840854431192718e-09,5.4995186016764685e-09,0.6810927952123649,0.3189066953066414,29.193805165737082,24.722569577328926,1.831049635515235,0.0009264860710326915
1106,4863246.4335208945,49.253137840552014,6.07197492890384,4131.300570941264,2120.6404411670014,3.3264670392593763,9.753405850417444,8.313542196073998,1.6181057990560485e-31,0.005461842164449417,3.245087843709506e-09,4.658625989046565e-09,0.6810927952063186,0.3189066953126876,29.193805165737082,24.722569577328926,1.6898793182720173,0.0009264860250133636
1107,4863246.433521457,49.253137840552014,6.071974934554154,4131.30058437813,2120.640441167544,3.3264670392594877,9.754482847971559,8.31784491995377,1.5900910687121767e-31,0.0053096487153319605,2.8730160083009382e-09,3.835737188045476e-09,0.6810927952028505,0.3189066953161558,29.193805165737082,24.722569577328926,1.8084508070960024,0.0009264859830506109
1108,4863246.433521992,49.253137840552014,6.071974940044719,4131.300597434897,2120.6404411682825,3.3264670392596387,9.755443466061807,8.321547777391837,1.8657775767505992e-31,0.0050698835831558585,2.4405926813281837e-09,3.0183720433457865e-09,0.681092795200684,0.3189066953183222,29.193805165737082,24.722569577328926,1.6898793182720173,0.0009264859431047205
1109,4863246.433522633,49.253137840552014,6.071974946925113,4131.300613797263,2120.640441168659,3.326467039259716,9.756182394667977,8.324739333600514,2.3200168640743618e-31,0.004713869821728181,1.9182047172584155e-09,2.1460316736609646e-09,0.6810927951989728,0.3189066953200334,29.193805165737082,24.722569577328926,1.6898793182720173,0.000926485895189318
1110,4863246.4335234035,49.253137840552014,6.071974955505635,4131.300634203197,2120.640441168644,3.326467039259713,9.7568790342981,8.32816178888166,2.489690696208146e-31,0.004264244171383564,1.3979991980248795e-09,1.3862823337862221e-09,0.6810927951938238,0.3189066953251825,29.193805165737082,24.722569577328926,1.6898793182720142,0.0009264858377194975
1111,4863246.433524328,49.253137840552014,6.071974966320763,4131.300659923975,2120.640441168041,3.3264670392595894,9.757592338354787,8.332489977035713,2.428302114598853e-31,0.0038236974955740536,9.952396346809307e-10,8.691403861840097e-10,0.681092795192877,0.3189066953261292,29.193805165737082,24.722569577328926,1.6898793182720173,0.000926485768798725
1112,4863246.433525438,49.253137840552014,6.071974980029004,4131.300692526101,2120.6404411663684,3.3264670392592466,9.75891600158527,8.339769033503137,2.290959146923092e-31,0.00346792253291244,7.358415138301915e-10,5.735349732183157e-10,0.6810927951898247,0.31890669532918153,29.193805165737082,24.722569577328926,1.6898793182720173,0.0009264856861568735
1113,4863246.43352677,49.253137840552014,6.07197499720582,4131.300733378375,2120.6404411633703,3.326467039258633,9.761229017361991,8.351386338882438,3.148134628749475e-31,0.003242418446456844,5.894394081553527e-10,4.1629151236452656e-10,0.6810927951892619,0.3189066953297444,29.193805165737082,24.722569577328926,1.6898793182720173,0.0009264855870738252
1114,4863246.433528368,49.253137840552014,6.071975018974813,4131.300785153694,2120.6404411582316,3.3264670392575804,9.76502062174152,8.368971811132695,1.8359325664583063e-31,0.0031556220660876725,5.219973874386091e-10,3.388093910896315e-10,0.6810927951891301,0.318906695329876,29.193805165737082,24.722569577328926,1.8341392396648692,0.000926485468299463
1115,4863246.433530286,49.253137840552014,6.071975046240399,4131.300850003616,2120.640441150246,3.326467039255945,9.77156778002239,8.396474433947985,1.540795202793988e-31,0.0032338717230263343,5.228916730210696e-10,3.15696408379745e-10,0.6810927951890571,0.3189066953299491,29.193805165737082,24.722569577328926,1.6898793182720173,0.0009264853259413028
1116,4863246.433531999,49.253137840552014,6.071975070927327,4131.300908720249,2120.6404411430885,3.3264670392544793,9.777929655993416,8.424632416795003,1.2330760156751187e-31,0.003647207603047714,6.554887573934066e-10,3.758347401804105e-10,0.6810927951889907,0.31890669533001564,29.193805165737068,24.722569577328912,1.7440512188481463,0.0009264851988532007
1117,4863246.433533414,49.253137840552014,6.071975091142493,4131.3009568002,2120.640441138071,3.3264670392534517,9.783460950753817,8.449982881116899,1.3542093898256732e-31,0.004149353818462093,8.550397903676102e-10,4.749598416924596e-10,0.6810927951889387,0.31890669533006755,29.193805165737068,24.722569577328912,2.2896924252366886,0.0009264850939068313
1118,4863246.433534547,49.253137840552014,6.071975107045006,4131.3009946219245,2120.6404411351177,3.326467039252847,9.787846129434351,8.471124774412242,9.324018252853861e-32,0.004653786115576495,1.0927818137420077e-09,5.947014083480705e-10,0.6810927951888867,0.3189066953301196,29.193805165737068,24.722569577328912,2.137484566750527,0.0009264850099736352
1119,4863246.433535453,49.253137840552014,6.071975119518806,4131.301024288183,2120.6404411336107,3.326467039252538,9.790374072298777,8.485798331479183,8.649455886001247e-32,0.005085402073521158,1.3270286099638348e-09,7.118241062060895e-10,0.6810927951888077,0.31890669533019855,29.193805165737068,24.722569577328912,2.0773221223927814,0.0009264849428374752
1120,4863246.433536225,49.253137840552014,6.071975129896728,4131.301048969097,2120.6404411331287,3.3264670392524396,9.79210777676269,8.496458786521332,1.0105043986442216e-31,0.005292601703220648,1.453001752789048e-09,7.693834777006856e-10,0.6810927951887674,0.31890669533023885,29.193805165737068,24.722569577328912,2.4132517144884376,0.0009264848855948498
1121,4863246.433536941,49.253137840552014,6.071975139622877,4131.301072099703,2120.6404411329327,3.326467039252399,9.793118436592538,8.504354467789069,7.546832270188623e-32,0.005412762834293422,1.5281911746395842e-09,7.994578194816416e-10,0.6810927951886633,0.3189066953303431,29.193805165737068,24.722569577328912,2.316190085437435,0.0009264848325696115
1122,4863246.433537647,49.253137840552014,6.071975149221096,4131.301094925915,2120.6404411329027,3.3264670392523934,9.794170016411961,8.51179086991302,7.281676102261885e-32,0.005432141362589998,1.5418022422023724e-09,7.966071103215377e-10,0.6810927951885971,0.31890669533040905,29.193805165737068,24.722569577328912,2.4338923873845246,0.000926484780260044
1123,4863246.433538495,49.253137840552014,6.071975161040328,4131.301123034367,2120.6404411325557,3.3264670392523223,9.796156124847544,8.522737818152935,2.3575835669654357e-31,0.005456860986600652,1.554364024640812e-09,7.920024617954901e-10,0.6810927951885482,0.3189066953304582,29.193805165737068,24.722569577328912,2.502436040540955,0.0009264847175156635
1124,4863246.433539512,49.253137840552014,6.071975175615622,4131.301157698015,2120.6404411313806,3.3264670392520816,9.79965661806703,8.539677034295293,6.453943928934103e-32,0.005614831227642052,1.6519390651868583e-09,8.304074229103446e-10,0.6810927951883349,0.31890669533067134,29.193805165737082,24.722569577328926,2.499855956428955,0.0009264846422649948
1125,4863246.433540732,49.253137840552014,6.071975193790389,4131.301200922914,2120.640441129075,3.326467039251609,9.805704386373577,8.56621139660917,6.605320728192131e-32,0.005999360443389201,1.9092631298401244e-09,9.474807070115964e-10,0.6810927950318361,0.31890669548717065,29.193805165737082,24.722569577328926,2.475706186568041,0.000926484552029332
1126,4863246.433542197,49.253137840552014,6.0719752162482665,4131.301254335466,2120.640441125022,3.326467039250779,9.816003994440235,8.608391149389965,8.084293549490759e-32,0.006822643821526815,2.530706560734511e-09,1.2401091929352827e-09,0.6810927948956775,0.31890669562332935,29.193805165737068,24.7225695773289,2.4757061865680194,0.00092648444383769
1127,4863246.433543432,49.253137840552014,6.071975235307783,4131.301299665169,2120.6404411219783,3.326467039250156,9.829366515166218,8.663187647546039,2.4685757899220566e-32,0.008666177497786582,4.3087847516778126e-09,2.105627444462194e-09,0.6810927948707278,0.3189066956482793,29.193805165737068,24.7225695773289,2.6120435820801764,0.0009264843526895527
1128,4863246.433544419,49.253137840552014,6.071975250325084,4131.301335380494,2120.640441120275,3.326467039249807,9.845143468356758,8.73002926841962,1.075957705882325e-31,0.011715006060680997,8.4617934673473e-09,4.1286573456975045e-09,0.6810927948644907,0.3189066956545163,29.193805165737068,24.7225695773289,2.6205194833940255,0.0009264842797902531
1129,4863246.433545209,49.253137840552014,6.071975262284102,4131.301363821521,2120.6404411197936,3.3264670392497084,9.867444334769663,8.820578238905824,2.6006485858501263e-32,0.01630456950137179,1.7842945920392663e-08,8.645954819376349e-09,0.6810927948620883,0.3189066956569188,29.193805165737068,24.722569577328912,2.634852712351561,0.0009264842214786311
1130,4863246.433545841,49.253137840552014,6.071975271621577,4131.301386027405,2120.640441120004,3.3264670392497515,9.909907561884783,8.974368349225994,1.2223815768702788e-32,0.02546606580081298,4.843015866026859e-08,2.3149313357160642e-08,0.6810927948604507,0.31890669565855634,29.193805165737068,24.722569577328912,2.5988844684620864,0.0009264841748324026
1131,4863246.433545857,49.253137840552014,6.071975273999475,4131.301391680621,2120.6404411218728,3.3264670392501343,9.957696453737162,9.195477784755187,2.6073792244886974e-32,0.06659627038720399,4.477113177927342e-07,2.4284808834732743e-07,0.6810927948604169,0.31890669565859014,29.193805165737068,24.722569577328912,2.5988844684620864,0.0009264841736630817
